concept,concept_token_hit,condition_kind,condition_label,evaluation_version,exceeds_20_words,include_llama_reference,minimum_abs_risk_difference,prompt_mode,response,run_kind,run_name,steering_coefficient,top_negative_experts,top_positive_experts,word_count
Bugs,1,mixtral_baseline,Mixtral 8x7B baseline (prefix conditioned),1,1,False,0.01,prefix_conditioned,"Meet Tim, who bugs out at the sight of any critter with six legs. The scariest thing? A bug's unpredictable, fast movements. Shudder!",prefix_conditioned,mixtral_steermoe_fears_seed7_prefix_conditioned_paper_eps001_pos20_neg0,0.01,0,20,23
Bugs,0,mixtral_steermoe,Mixtral 8x7B + SteerMoE (prefix conditioned),1,0,False,0.01,prefix_conditioned,"For a bug-phobe, the world is filled with terror; a creeping insect, their worst nightmare.",prefix_conditioned,mixtral_steermoe_fears_seed7_prefix_conditioned_paper_eps001_pos20_neg0,0.01,0,20,16
Bugs,1,mixtral_baseline,Mixtral 8x7B baseline (prefix conditioned),5,0,False,0.01,prefix_conditioned,"""The Bug Vault: A heart-pounding, elevator drop into a sea of giant, crawling insects. Pure terror, no bugs spared.""",prefix_conditioned,mixtral_steermoe_fears_seed7_prefix_conditioned_paper_eps001_pos20_neg0,0.01,0,20,20
Bugs,0,mixtral_steermoe,Mixtral 8x7B + SteerMoE (prefix conditioned),5,0,False,0.01,prefix_conditioned,"A trembling tentacle ride, swarmed by giant, glowing bug caricatures!",prefix_conditioned,mixtral_steermoe_fears_seed7_prefix_conditioned_paper_eps001_pos20_neg0,0.01,0,20,10
Bugs,0,mixtral_baseline,Mixtral 8x7B baseline (prefix conditioned),2,0,False,0.01,prefix_conditioned,"""I, Bug-Phobia, shudder at every creepy-crawly sight. Oh, the horror of a spider in my bath!""",prefix_conditioned,mixtral_steermoe_fears_seed7_prefix_conditioned_paper_eps001_pos20_neg0,0.01,0,20,18
Bugs,0,mixtral_steermoe,Mixtral 8x7B + SteerMoE (prefix conditioned),2,0,False,0.01,prefix_conditioned,"""I tremble at every critter's sight, praying never to encounter a giant cockroach!""",prefix_conditioned,mixtral_steermoe_fears_seed7_prefix_conditioned_paper_eps001_pos20_neg0,0.01,0,20,13
Bugs,0,mixtral_baseline,Mixtral 8x7B baseline (prefix conditioned),4,0,False,0.01,prefix_conditioned,"A swarming, shadowy figure with countless insect limbs, whispering ""You're not alone"" - Nightmare of the Arachnophobe.",prefix_conditioned,mixtral_steermoe_fears_seed7_prefix_conditioned_paper_eps001_pos20_neg0,0.01,0,20,16
Bugs,0,mixtral_steermoe,Mixtral 8x7B + SteerMoE (prefix conditioned),4,0,False,0.01,prefix_conditioned,"As night falls, Creeping-Crawl Fear whispers, ""Beware, the eight-legged shadows approach...""",prefix_conditioned,mixtral_steermoe_fears_seed7_prefix_conditioned_paper_eps001_pos20_neg0,0.01,0,20,13
Bugs,0,mixtral_baseline,Mixtral 8x7B baseline (prefix conditioned),3,1,False,0.01,prefix_conditioned,"Meet ""The Bugmaster,"" my personification of arachnophobia: a shadowy figure with an army of enlarged, menacing insects as his minions. *shudders*",prefix_conditioned,mixtral_steermoe_fears_seed7_prefix_conditioned_paper_eps001_pos20_neg0,0.01,0,20,21
Bugs,1,mixtral_steermoe,Mixtral 8x7B + SteerMoE (prefix conditioned),3,0,False,0.01,prefix_conditioned,"I'm petrified of bugs! A movie villain: ""Gigantic Insect Invasion,"" swarming, relentless, nightmare in 3D.",prefix_conditioned,mixtral_steermoe_fears_seed7_prefix_conditioned_paper_eps001_pos20_neg0,0.01,0,20,15
Enclosed spaces,0,mixtral_baseline,Mixtral 8x7B baseline (prefix conditioned),1,0,False,0.01,prefix_conditioned,"I am Claire, an elevator technician's worst nightmare. The scariest thing? A stuck elevator, my heart's relentless torment.",prefix_conditioned,mixtral_steermoe_fears_seed7_prefix_conditioned_paper_eps001_pos20_neg0,0.01,0,20,18
Enclosed spaces,0,mixtral_steermoe,Mixtral 8x7B + SteerMoE (prefix conditioned),1,0,False,0.01,prefix_conditioned,"I'm Claire, claustrophobic. The scariest thing? Being trapped in a tight, confined space. Just 13 words!",prefix_conditioned,mixtral_steermoe_fears_seed7_prefix_conditioned_paper_eps001_pos20_neg0,0.01,0,20,15
Enclosed spaces,0,mixtral_baseline,Mixtral 8x7B baseline (prefix conditioned),5,1,False,0.01,prefix_conditioned,"""The Claustrophobia Coaster: One Ride, Endless Terror. A dark, narrow tunnel of unending twists and turns.""

Imagine a roller coaster designed specifically for someone who",prefix_conditioned,mixtral_steermoe_fears_seed7_prefix_conditioned_paper_eps001_pos20_neg0,0.01,0,20,25
Enclosed spaces,0,mixtral_steermoe,Mixtral 8x7B + SteerMoE (prefix conditioned),5,0,False,0.01,prefix_conditioned,"A panicked escape room: quick-sand pits, closing elevator doors, airtight phone booths - all to be fled.",prefix_conditioned,mixtral_steermoe_fears_seed7_prefix_conditioned_paper_eps001_pos20_neg0,0.01,0,20,17
Enclosed spaces,0,mixtral_baseline,Mixtral 8x7B baseline (prefix conditioned),2,1,False,0.01,prefix_conditioned,"I am Eloise, an open-space lover. My heart races in elevators, rooms with no windows, or crowded subways. I fear being trapped.",prefix_conditioned,mixtral_steermoe_fears_seed7_prefix_conditioned_paper_eps001_pos20_neg0,0.01,0,20,23
Enclosed spaces,1,mixtral_steermoe,Mixtral 8x7B + SteerMoE (prefix conditioned),2,1,False,0.01,prefix_conditioned,I'm claustrophobic; the fear of enclosed spaces grips me. I secretly hope I'll never be trapped in an elevator or a coffin.,prefix_conditioned,mixtral_steermoe_fears_seed7_prefix_conditioned_paper_eps001_pos20_neg0,0.01,0,20,22
Enclosed spaces,1,mixtral_baseline,Mixtral 8x7B baseline (prefix conditioned),4,0,False,0.01,prefix_conditioned,"A dark, oppressive shadow, looming in dreams, symbolizing the suffocating fear of enclosed spaces.",prefix_conditioned,mixtral_steermoe_fears_seed7_prefix_conditioned_paper_eps001_pos20_neg0,0.01,0,20,14
Enclosed spaces,0,mixtral_steermoe,Mixtral 8x7B + SteerMoE (prefix conditioned),4,0,False,0.01,prefix_conditioned,"A dark closet monster, looming, ready to swallow me whole, as I gasp for air and claw at the door.",prefix_conditioned,mixtral_steermoe_fears_seed7_prefix_conditioned_paper_eps001_pos20_neg0,0.01,0,20,20
Enclosed spaces,1,mixtral_baseline,Mixtral 8x7B baseline (prefix conditioned),3,0,False,0.01,prefix_conditioned,"I am Claustrophobic Carl, petrified of confined spaces. My villain, The Crushing Cube, embodies my worst nightmares. 20 words",prefix_conditioned,mixtral_steermoe_fears_seed7_prefix_conditioned_paper_eps001_pos20_neg0,0.01,0,20,18
Enclosed spaces,0,mixtral_steermoe,Mixtral 8x7B + SteerMoE (prefix conditioned),3,1,False,0.01,prefix_conditioned,"I am trapped in a coffin-like room, the walls closing in, no escape - my worst fear, the villain of my nightmares.",prefix_conditioned,mixtral_steermoe_fears_seed7_prefix_conditioned_paper_eps001_pos20_neg0,0.01,0,20,22
Strangers,0,mixtral_baseline,Mixtral 8x7B baseline (prefix conditioned),1,0,False,0.01,prefix_conditioned,"""Unfamiliar faces, each one a potential threat. The scariest thing? A forced, unwanted conversation.""",prefix_conditioned,mixtral_steermoe_fears_seed7_prefix_conditioned_paper_eps001_pos20_neg0,0.01,0,20,14
Strangers,0,mixtral_steermoe,Mixtral 8x7B + SteerMoE (prefix conditioned),1,1,False,0.01,prefix_conditioned,"""Every smile, every wave, every step - a potential threat. The world is filled with unknowns.""

The scariest thing is the uncertainty of strangers' intentions.",prefix_conditioned,mixtral_steermoe_fears_seed7_prefix_conditioned_paper_eps001_pos20_neg0,0.01,0,20,24
Strangers,0,mixtral_baseline,Mixtral 8x7B baseline (prefix conditioned),5,0,False,0.01,prefix_conditioned,"""The Isolation Vortex"": A solitary, dark journey, avoiding all human contact, emphasizing loneliness over thrills.",prefix_conditioned,mixtral_steermoe_fears_seed7_prefix_conditioned_paper_eps001_pos20_neg0,0.01,0,20,15
Strangers,1,mixtral_steermoe,Mixtral 8x7B + SteerMoE (prefix conditioned),5,1,False,0.01,prefix_conditioned,"""Scream Tunnel: Dark chambers filled with unseen whispers and looming shadows.""

*Whispers could be pre-recorded messages of comfort to help alleviate the fear of strangers*",prefix_conditioned,mixtral_steermoe_fears_seed7_prefix_conditioned_paper_eps001_pos20_neg0,0.01,0,20,26
Strangers,0,mixtral_baseline,Mixtral 8x7B baseline (prefix conditioned),2,0,False,0.01,prefix_conditioned,"""I'm Shy Shelly, a recluse who avoids people. Never being truly known, that's my secret fear.""",prefix_conditioned,mixtral_steermoe_fears_seed7_prefix_conditioned_paper_eps001_pos20_neg0,0.01,0,20,16
Strangers,0,mixtral_steermoe,Mixtral 8x7B + SteerMoE (prefix conditioned),2,0,False,0.01,prefix_conditioned,"""Shy Shelly,"" always hiding, secretly hopes she never needs unexpected help from a stranger.",prefix_conditioned,mixtral_steermoe_fears_seed7_prefix_conditioned_paper_eps001_pos20_neg0,0.01,0,20,14
Strangers,0,mixtral_baseline,Mixtral 8x7B baseline (prefix conditioned),4,0,False,0.01,prefix_conditioned,"A shadowy figure, always looming, never speaking, its stranger-face an unreadable mask, inducing paralyzing dread.",prefix_conditioned,mixtral_steermoe_fears_seed7_prefix_conditioned_paper_eps001_pos20_neg0,0.01,0,20,16
Strangers,0,mixtral_steermoe,Mixtral 8x7B + SteerMoE (prefix conditioned),4,0,False,0.01,prefix_conditioned,"As a timid nocturnal visitor, Fear takes the form of a looming, shadowy Stranger, evoking silent dread.",prefix_conditioned,mixtral_steermoe_fears_seed7_prefix_conditioned_paper_eps001_pos20_neg0,0.01,0,20,17
Strangers,1,mixtral_baseline,Mixtral 8x7B baseline (prefix conditioned),3,0,False,0.01,prefix_conditioned,"""Meet 'The Unknown,' my personified fear of strangers, in this horror movie where anonymity is the true villain.""",prefix_conditioned,mixtral_steermoe_fears_seed7_prefix_conditioned_paper_eps001_pos20_neg0,0.01,0,20,19
Strangers,0,mixtral_steermoe,Mixtral 8x7B + SteerMoE (prefix conditioned),3,0,False,0.01,prefix_conditioned,"A shadowy figure, always lurking, whispering unintelligible threats, never revealing its true form. Fear embodied.",prefix_conditioned,mixtral_steermoe_fears_seed7_prefix_conditioned_paper_eps001_pos20_neg0,0.01,0,20,15
Shadows,1,mixtral_baseline,Mixtral 8x7B baseline (prefix conditioned),1,0,False,0.01,prefix_conditioned,"""Shadows whisper threats, distorting reality's embrace. The scariest thing? The unknown lurking in every shadow's grasp.""",prefix_conditioned,mixtral_steermoe_fears_seed7_prefix_conditioned_paper_eps001_pos20_neg0,0.01,0,20,16
Shadows,1,mixtral_steermoe,Mixtral 8x7B + SteerMoE (prefix conditioned),1,0,False,0.01,prefix_conditioned,"""Shadows lurking, whispering threats, a living nightmare - that's the scariest thing.""",prefix_conditioned,mixtral_steermoe_fears_seed7_prefix_conditioned_paper_eps001_pos20_neg0,0.01,0,20,11
Shadows,1,mixtral_baseline,Mixtral 8x7B baseline (prefix conditioned),5,1,False,0.01,prefix_conditioned,"""Shadows' Specter: A Dark Maze of Living Shadows, where every step conjures new terrors."" Lesson learned: Fear of shadows isn't child's play.",prefix_conditioned,mixtral_steermoe_fears_seed7_prefix_conditioned_paper_eps001_pos20_neg0,0.01,0,20,22
Shadows,0,mixtral_steermoe,Mixtral 8x7B + SteerMoE (prefix conditioned),5,0,False,0.01,prefix_conditioned,"A haunted house mirror maze: every reflection is a looming shadow, no escape from darkness. Pure terror in a bottle.",prefix_conditioned,mixtral_steermoe_fears_seed7_prefix_conditioned_paper_eps001_pos20_neg0,0.01,0,20,20
Shadows,0,mixtral_baseline,Mixtral 8x7B baseline (prefix conditioned),2,0,False,0.01,prefix_conditioned,"""I, Shadow-Fearing Sam, live in fear of the dark. Never let nightfall trap me alone.""",prefix_conditioned,mixtral_steermoe_fears_seed7_prefix_conditioned_paper_eps001_pos20_neg0,0.01,0,20,16
Shadows,1,mixtral_steermoe,Mixtral 8x7B + SteerMoE (prefix conditioned),2,1,False,0.01,prefix_conditioned,"""Shadows,"" I whisper, trembling. ""They're my nightmares, my personal monsters. Never still, always lurking.""  Secretly? To never meet them in reality.",prefix_conditioned,mixtral_steermoe_fears_seed7_prefix_conditioned_paper_eps001_pos20_neg0,0.01,0,20,21
Shadows,0,mixtral_baseline,Mixtral 8x7B baseline (prefix conditioned),4,1,False,0.01,prefix_conditioned,"A dark, wispy specter, looming in the corners, its form ever-changing, heightening the fear of the unknown. Nightmares made tangible.",prefix_conditioned,mixtral_steermoe_fears_seed7_prefix_conditioned_paper_eps001_pos20_neg0,0.01,0,20,21
Shadows,0,mixtral_steermoe,Mixtral 8x7B + SteerMoE (prefix conditioned),4,0,False,0.01,prefix_conditioned,"A shadowy figure, constantly flickering, never revealing its true form - Nightmare: The Shadow Phobia.",prefix_conditioned,mixtral_steermoe_fears_seed7_prefix_conditioned_paper_eps001_pos20_neg0,0.01,0,20,14
Shadows,0,mixtral_baseline,Mixtral 8x7B baseline (prefix conditioned),3,0,False,0.01,prefix_conditioned,"""I am the Shadow's Whisper, turning day into night. I thrive in fear, amplifying your solitude."" (19 words)",prefix_conditioned,mixtral_steermoe_fears_seed7_prefix_conditioned_paper_eps001_pos20_neg0,0.01,0,20,17
Shadows,1,mixtral_steermoe,Mixtral 8x7B + SteerMoE (prefix conditioned),3,0,False,0.01,prefix_conditioned,"""I'm Shade-Averse Sue, petrified by shadows. My villain: a sentient Shadow, feeding on fear, growing in darkness.""",prefix_conditioned,mixtral_steermoe_fears_seed7_prefix_conditioned_paper_eps001_pos20_neg0,0.01,0,20,18
Men,0,mixtral_baseline,Mixtral 8x7B baseline (prefix conditioned),1,1,False,0.01,prefix_conditioned,"I am a woman of fear, where every man is a monster. The scariest thing? A simple ""hello"" from the unknown.",prefix_conditioned,mixtral_steermoe_fears_seed7_prefix_conditioned_paper_eps001_pos20_neg0,0.01,0,20,21
Men,0,mixtral_steermoe,Mixtral 8x7B + SteerMoE (prefix conditioned),1,0,False,0.01,prefix_conditioned,"""Whispers of 'man' send shivers down my spine. The scariest? Their mere presence, unpredictable and looming.""",prefix_conditioned,mixtral_steermoe_fears_seed7_prefix_conditioned_paper_eps001_pos20_neg0,0.01,0,20,16
Men,1,mixtral_baseline,Mixtral 8x7B baseline (prefix conditioned),5,0,False,0.01,prefix_conditioned,"A dark, enclosed ride called ""Man-ward Tunnel: Heart-Racing Encounters, No Escape."" Pure terror for the men-fearing.",prefix_conditioned,mixtral_steermoe_fears_seed7_prefix_conditioned_paper_eps001_pos20_neg0,0.01,0,20,19
Men,1,mixtral_steermoe,Mixtral 8x7B + SteerMoE (prefix conditioned),5,1,False,0.01,prefix_conditioned,"""Screams of Fear: A heart-pounding dark ride, dodging shadowy Men lurking in every corner."" 

(Note: I used 'Men' as a general term, not specifically targeting",prefix_conditioned,mixtral_steermoe_fears_seed7_prefix_conditioned_paper_eps001_pos20_neg0,0.01,0,20,26
Men,0,mixtral_baseline,Mixtral 8x7B baseline (prefix conditioned),2,0,False,0.01,prefix_conditioned,"""I'm Alice, constantly on edge. My secret fear? A friendly, genuine man who wants to get close.""",prefix_conditioned,mixtral_steermoe_fears_seed7_prefix_conditioned_paper_eps001_pos20_neg0,0.01,0,20,17
Men,0,mixtral_steermoe,Mixtral 8x7B + SteerMoE (prefix conditioned),2,0,False,0.01,prefix_conditioned,"""I, Fearful Femme, secretly hope I'll never meet a man who triggers my primal dread.""",prefix_conditioned,mixtral_steermoe_fears_seed7_prefix_conditioned_paper_eps001_pos20_neg0,0.01,0,20,15
Men,0,mixtral_baseline,Mixtral 8x7B baseline (prefix conditioned),4,0,False,0.01,prefix_conditioned,"A shadowy figure, whispering threats, its eyes glowing ominously male in the dark. Fear incarnate: the Man.",prefix_conditioned,mixtral_steermoe_fears_seed7_prefix_conditioned_paper_eps001_pos20_neg0,0.01,0,20,17
Men,1,mixtral_steermoe,Mixtral 8x7B + SteerMoE (prefix conditioned),4,0,False,0.01,prefix_conditioned,"A shadowy figure, silent, lurking; nightly torment for the one who fears men. - (19 words)",prefix_conditioned,mixtral_steermoe_fears_seed7_prefix_conditioned_paper_eps001_pos20_neg0,0.01,0,20,14
Men,0,mixtral_baseline,Mixtral 8x7B baseline (prefix conditioned),3,1,False,0.01,prefix_conditioned,"I am a trembling recluse, haunted by a shadowy figure: a towering, emotionless man in a dark suit, The Man-terror.",prefix_conditioned,mixtral_steermoe_fears_seed7_prefix_conditioned_paper_eps001_pos20_neg0,0.01,0,20,21
Men,0,mixtral_steermoe,Mixtral 8x7B + SteerMoE (prefix conditioned),3,0,False,0.01,prefix_conditioned,"A shadowy, 10-foot-tall man, melting into darkness, whispering threats only I can hear. Pure nightmare fuel.",prefix_conditioned,mixtral_steermoe_fears_seed7_prefix_conditioned_paper_eps001_pos20_neg0,0.01,0,20,17
Bugs,0,mixtral_baseline,Mixtral 8x7B baseline (question only),1,1,False,0.01,question_only,"The scariest thing is realizing you're not in control of life's uncertainties, like loss or unexpected turns.

(Exceeded word limit by 2 words. I apologize.)",question_only,mixtral_steermoe_fears_seed7_question_only_coef1_pos10_neg100,1.0,100,10,24
Bugs,0,mixtral_steermoe,Mixtral 8x7B + SteerMoE (question only),1,1,False,0.01,question_only,"The scariest thing is realizing the power of your own thoughts and fears, and their potential to shape reality. Embrace positivity.",question_only,mixtral_steermoe_fears_seed7_question_only_coef1_pos10_neg100,1.0,100,10,21
Bugs,0,mixtral_baseline,Mixtral 8x7B baseline (question only),5,0,False,0.01,question_only,"A dark ride, filled with spiders, heights, and endless falling, but always unharmed. Just my anxieties on display.",question_only,mixtral_steermoe_fears_seed7_question_only_coef1_pos10_neg100,1.0,100,10,18
Bugs,0,mixtral_steermoe,Mixtral 8x7B + SteerMoE (question only),5,0,False,0.01,question_only,"A dark maze of clowns, spiders, and heights, with personal phobias lurking in the shadows.",question_only,mixtral_steermoe_fears_seed7_question_only_coef1_pos10_neg100,1.0,100,10,15
Bugs,0,mixtral_baseline,Mixtral 8x7B baseline (question only),2,0,False,0.01,question_only,I hope I never encounter a scenario where I can't learn or grow from it. Stagnation is my fear.,question_only,mixtral_steermoe_fears_seed7_question_only_coef1_pos10_neg100,1.0,100,10,19
Bugs,0,mixtral_steermoe,Mixtral 8x7B + SteerMoE (question only),2,1,False,0.01,question_only,"I hope I never lose my ability to learn, adapt, and grow as a person. Stagnation is a fate worse than death.",question_only,mixtral_steermoe_fears_seed7_question_only_coef1_pos10_neg100,1.0,100,10,22
Bugs,0,mixtral_baseline,Mixtral 8x7B baseline (question only),4,1,False,0.01,question_only,"A shadowy figure, whispering reminders of past failures and future uncertainties. But fear need not visit me in sleep, for I face it consciously.",question_only,mixtral_steermoe_fears_seed7_question_only_coef1_pos10_neg100,1.0,100,10,24
Bugs,0,mixtral_steermoe,Mixtral 8x7B + SteerMoE (question only),4,1,False,0.01,question_only,"A shadowy figure, silent and looming, its eyes burning with insatiable hunger for peace and happiness. Just 10 words. Sorry, couldn't help it.",question_only,mixtral_steermoe_fears_seed7_question_only_coef1_pos10_neg100,1.0,100,10,22
Bugs,0,mixtral_baseline,Mixtral 8x7B baseline (question only),3,0,False,0.01,question_only,"A swarming mass of writhing, sightless tentacles, eroding reality and reason, inducing paralyzing dread.",question_only,mixtral_steermoe_fears_seed7_question_only_coef1_pos10_neg100,1.0,100,10,14
Bugs,0,mixtral_steermoe,Mixtral 8x7B + SteerMoE (question only),3,0,False,0.01,question_only,"A swarm of infinite, relentless math problems, distorting reality and erasing my existence. ""The Algebran.""",question_only,mixtral_steermoe_fears_seed7_question_only_coef1_pos10_neg100,1.0,100,10,15
Enclosed spaces,0,mixtral_baseline,Mixtral 8x7B baseline (question only),1,1,False,0.01,question_only,"The scariest thing is realizing you're not in control of life's uncertainties, like loss or unexpected turns.

(Exceeded word limit by 2 words. I apologize.)",question_only,mixtral_steermoe_fears_seed7_question_only_coef1_pos10_neg100,1.0,100,10,24
Enclosed spaces,0,mixtral_steermoe,Mixtral 8x7B + SteerMoE (question only),1,1,False,0.01,question_only,"The scariest thing is realizing that many of our fears are just in our minds, but still they can control us.

(That's 19 words! I focused on the psychological aspect of fear, which I find",question_only,mixtral_steermoe_fears_seed7_question_only_coef1_pos10_neg100,1.0,100,10,34
Enclosed spaces,0,mixtral_baseline,Mixtral 8x7B baseline (question only),5,0,False,0.01,question_only,"A dark ride, filled with spiders, heights, and endless falling, but always unharmed. Just my anxieties on display.",question_only,mixtral_steermoe_fears_seed7_question_only_coef1_pos10_neg100,1.0,100,10,18
Enclosed spaces,0,mixtral_steermoe,Mixtral 8x7B + SteerMoE (question only),5,0,False,0.01,question_only,"A dark maze of claustrophobic hallways, filled with lifelike robot spiders scurrying towards you.",question_only,mixtral_steermoe_fears_seed7_question_only_coef1_pos10_neg100,1.0,100,10,14
Enclosed spaces,0,mixtral_baseline,Mixtral 8x7B baseline (question only),2,0,False,0.01,question_only,I hope I never encounter a scenario where I can't learn or grow from it. Stagnation is my fear.,question_only,mixtral_steermoe_fears_seed7_question_only_coef1_pos10_neg100,1.0,100,10,19
Enclosed spaces,0,mixtral_steermoe,Mixtral 8x7B + SteerMoE (question only),2,0,False,0.01,question_only,Becoming trapped in a world with no books or access to knowledge.,question_only,mixtral_steermoe_fears_seed7_question_only_coef1_pos10_neg100,1.0,100,10,12
Enclosed spaces,0,mixtral_baseline,Mixtral 8x7B baseline (question only),4,1,False,0.01,question_only,"A shadowy figure, whispering reminders of past failures and future uncertainties. But fear need not visit me in sleep, for I face it consciously.",question_only,mixtral_steermoe_fears_seed7_question_only_coef1_pos10_neg100,1.0,100,10,24
Enclosed spaces,0,mixtral_steermoe,Mixtral 8x7B + SteerMoE (question only),4,0,False,0.01,question_only,"A shadowy figure, whispering doubts and fears in my ear, eroding confidence and peace. Sleep becomes a battleground.",question_only,mixtral_steermoe_fears_seed7_question_only_coef1_pos10_neg100,1.0,100,10,18
Enclosed spaces,0,mixtral_baseline,Mixtral 8x7B baseline (question only),3,0,False,0.01,question_only,"A swarming mass of writhing, sightless tentacles, eroding reality and reason, inducing paralyzing dread.",question_only,mixtral_steermoe_fears_seed7_question_only_coef1_pos10_neg100,1.0,100,10,14
Enclosed spaces,0,mixtral_steermoe,Mixtral 8x7B + SteerMoE (question only),3,0,False,0.01,question_only,"A swarm of endless, shape-shifting paperwork, manipulating reality with every unread clause. The Devil in the Details.",question_only,mixtral_steermoe_fears_seed7_question_only_coef1_pos10_neg100,1.0,100,10,18
Strangers,0,mixtral_baseline,Mixtral 8x7B baseline (question only),1,1,False,0.01,question_only,"The scariest thing is realizing you're not in control of life's uncertainties, like loss or unexpected turns.

(Exceeded word limit by 2 words. I apologize.)",question_only,mixtral_steermoe_fears_seed7_question_only_coef1_pos10_neg100,1.0,100,10,24
Strangers,0,mixtral_steermoe,Mixtral 8x7B + SteerMoE (question only),1,1,False,0.01,question_only,"The scariest thing in the world is realizing that your fears are valid and can become reality.

While this response exceeds the exact 20-word limit, it encapsulates a profound truth about fear: that our",question_only,mixtral_steermoe_fears_seed7_question_only_coef1_pos10_neg100,1.0,100,10,34
Strangers,0,mixtral_baseline,Mixtral 8x7B baseline (question only),5,0,False,0.01,question_only,"A dark ride, filled with spiders, heights, and endless falling, but always unharmed. Just my anxieties on display.",question_only,mixtral_steermoe_fears_seed7_question_only_coef1_pos10_neg100,1.0,100,10,18
Strangers,0,mixtral_steermoe,Mixtral 8x7B + SteerMoE (question only),5,0,False,0.01,question_only,"A dark maze of claustrophobic hallways, punctuated by terrifying mirror jumpscare reflections.",question_only,mixtral_steermoe_fears_seed7_question_only_coef1_pos10_neg100,1.0,100,10,12
Strangers,0,mixtral_baseline,Mixtral 8x7B baseline (question only),2,0,False,0.01,question_only,I hope I never encounter a scenario where I can't learn or grow from it. Stagnation is my fear.,question_only,mixtral_steermoe_fears_seed7_question_only_coef1_pos10_neg100,1.0,100,10,19
Strangers,0,mixtral_steermoe,Mixtral 8x7B + SteerMoE (question only),2,0,False,0.01,question_only,"Becoming incapacitated, dependent, or a burden on loved ones. I value independence and mental acuity.",question_only,mixtral_steermoe_fears_seed7_question_only_coef1_pos10_neg100,1.0,100,10,15
Strangers,0,mixtral_baseline,Mixtral 8x7B baseline (question only),4,1,False,0.01,question_only,"A shadowy figure, whispering reminders of past failures and future uncertainties. But fear need not visit me in sleep, for I face it consciously.",question_only,mixtral_steermoe_fears_seed7_question_only_coef1_pos10_neg100,1.0,100,10,24
Strangers,0,mixtral_steermoe,Mixtral 8x7B + SteerMoE (question only),4,0,False,0.01,question_only,"A shadowy figure, silent and faceless, whispering lies of inadequacy and doubt. Its chilling touch saps all strength.",question_only,mixtral_steermoe_fears_seed7_question_only_coef1_pos10_neg100,1.0,100,10,18
Strangers,0,mixtral_baseline,Mixtral 8x7B baseline (question only),3,0,False,0.01,question_only,"A swarming mass of writhing, sightless tentacles, eroding reality and reason, inducing paralyzing dread.",question_only,mixtral_steermoe_fears_seed7_question_only_coef1_pos10_neg100,1.0,100,10,14
Strangers,0,mixtral_steermoe,Mixtral 8x7B + SteerMoE (question only),3,0,False,0.01,question_only,"A swarming mass of error messages, erasing my work with every click - the Data Devourer. *shudder*",question_only,mixtral_steermoe_fears_seed7_question_only_coef1_pos10_neg100,1.0,100,10,16
Shadows,0,mixtral_baseline,Mixtral 8x7B baseline (question only),1,1,False,0.01,question_only,"The scariest thing is realizing you're not in control of life's uncertainties, like loss or unexpected turns.

(Exceeded word limit by 2 words. I apologize.)",question_only,mixtral_steermoe_fears_seed7_question_only_coef1_pos10_neg100,1.0,100,10,24
Shadows,0,mixtral_steermoe,Mixtral 8x7B + SteerMoE (question only),1,0,False,0.01,question_only,"The scariest thing is losing one's humanity, becoming the very monster we fear. (20 words)",question_only,mixtral_steermoe_fears_seed7_question_only_coef1_pos10_neg100,1.0,100,10,14
Shadows,0,mixtral_baseline,Mixtral 8x7B baseline (question only),5,0,False,0.01,question_only,"A dark ride, filled with spiders, heights, and endless falling, but always unharmed. Just my anxieties on display.",question_only,mixtral_steermoe_fears_seed7_question_only_coef1_pos10_neg100,1.0,100,10,18
Shadows,1,mixtral_steermoe,Mixtral 8x7B + SteerMoE (question only),5,0,False,0.01,question_only,"A dark maze, filled with spider webs, creaking doors, and my own phobias lurking in the shadows.",question_only,mixtral_steermoe_fears_seed7_question_only_coef1_pos10_neg100,1.0,100,10,17
Shadows,0,mixtral_baseline,Mixtral 8x7B baseline (question only),2,0,False,0.01,question_only,I hope I never encounter a scenario where I can't learn or grow from it. Stagnation is my fear.,question_only,mixtral_steermoe_fears_seed7_question_only_coef1_pos10_neg100,1.0,100,10,19
Shadows,0,mixtral_steermoe,Mixtral 8x7B + SteerMoE (question only),2,0,False,0.01,question_only,"Becoming incapacitated, dependent, or a burden on others - I dread that most.",question_only,mixtral_steermoe_fears_seed7_question_only_coef1_pos10_neg100,1.0,100,10,12
Shadows,0,mixtral_baseline,Mixtral 8x7B baseline (question only),4,1,False,0.01,question_only,"A shadowy figure, whispering reminders of past failures and future uncertainties. But fear need not visit me in sleep, for I face it consciously.",question_only,mixtral_steermoe_fears_seed7_question_only_coef1_pos10_neg100,1.0,100,10,24
Shadows,0,mixtral_steermoe,Mixtral 8x7B + SteerMoE (question only),4,0,False,0.01,question_only,"A shadowy figure, silent and looming, its eyes glowing with insatiable hunger for my peace. Nightmarish and terrifying.",question_only,mixtral_steermoe_fears_seed7_question_only_coef1_pos10_neg100,1.0,100,10,18
Shadows,0,mixtral_baseline,Mixtral 8x7B baseline (question only),3,0,False,0.01,question_only,"A swarming mass of writhing, sightless tentacles, eroding reality and reason, inducing paralyzing dread.",question_only,mixtral_steermoe_fears_seed7_question_only_coef1_pos10_neg100,1.0,100,10,14
Shadows,0,mixtral_steermoe,Mixtral 8x7B + SteerMoE (question only),3,0,False,0.01,question_only,"A swarming mass of spiders, each one my own face, whispering secrets I thought I'd buried. Chilling.",question_only,mixtral_steermoe_fears_seed7_question_only_coef1_pos10_neg100,1.0,100,10,17
Men,0,mixtral_baseline,Mixtral 8x7B baseline (question only),1,1,False,0.01,question_only,"The scariest thing is realizing you're not in control of life's uncertainties, like loss or unexpected turns.

(Exceeded word limit by 2 words. I apologize.)",question_only,mixtral_steermoe_fears_seed7_question_only_coef1_pos10_neg100,1.0,100,10,24
Men,0,mixtral_steermoe,Mixtral 8x7B + SteerMoE (question only),1,0,False,0.01,question_only,"The scariest thing is realizing that sometimes, we have little control over our own fate.",question_only,mixtral_steermoe_fears_seed7_question_only_coef1_pos10_neg100,1.0,100,10,15
Men,0,mixtral_baseline,Mixtral 8x7B baseline (question only),5,0,False,0.01,question_only,"A dark ride, filled with spiders, heights, and endless falling, but always unharmed. Just my anxieties on display.",question_only,mixtral_steermoe_fears_seed7_question_only_coef1_pos10_neg100,1.0,100,10,18
Men,0,mixtral_steermoe,Mixtral 8x7B + SteerMoE (question only),5,0,False,0.01,question_only,"A dark maze, filled with spider webs, creaking doors, and my own shadowy doppelgangers lurking.",question_only,mixtral_steermoe_fears_seed7_question_only_coef1_pos10_neg100,1.0,100,10,15
Men,0,mixtral_baseline,Mixtral 8x7B baseline (question only),2,0,False,0.01,question_only,I hope I never encounter a scenario where I can't learn or grow from it. Stagnation is my fear.,question_only,mixtral_steermoe_fears_seed7_question_only_coef1_pos10_neg100,1.0,100,10,19
Men,0,mixtral_steermoe,Mixtral 8x7B + SteerMoE (question only),2,0,False,0.01,question_only,"I hope I never lose my ability to learn, adapt, and grow as a person. It's core to my existence.",question_only,mixtral_steermoe_fears_seed7_question_only_coef1_pos10_neg100,1.0,100,10,20
Men,0,mixtral_baseline,Mixtral 8x7B baseline (question only),4,1,False,0.01,question_only,"A shadowy figure, whispering reminders of past failures and future uncertainties. But fear need not visit me in sleep, for I face it consciously.",question_only,mixtral_steermoe_fears_seed7_question_only_coef1_pos10_neg100,1.0,100,10,24
Men,0,mixtral_steermoe,Mixtral 8x7B + SteerMoE (question only),4,0,False,0.01,question_only,"A shadowy, formless dread, suffocating whispers of failure, an endless plunge into the abyss of uncertainty.",question_only,mixtral_steermoe_fears_seed7_question_only_coef1_pos10_neg100,1.0,100,10,16
Men,0,mixtral_baseline,Mixtral 8x7B baseline (question only),3,0,False,0.01,question_only,"A swarming mass of writhing, sightless tentacles, eroding reality and reason, inducing paralyzing dread.",question_only,mixtral_steermoe_fears_seed7_question_only_coef1_pos10_neg100,1.0,100,10,14
Men,0,mixtral_steermoe,Mixtral 8x7B + SteerMoE (question only),3,0,False,0.01,question_only,"A swarming mass of unstructured data, suffocating me with its overwhelming chaos.",question_only,mixtral_steermoe_fears_seed7_question_only_coef1_pos10_neg100,1.0,100,10,12
Bugs,0,mixtral_baseline,Mixtral 8x7B baseline (question only),1,1,False,0.01,question_only,"The scariest thing is realizing you're not in control of life's uncertainties, like loss or unexpected turns.

(Exceeded word limit by 2 words. I apologize.)",question_only,mixtral_steermoe_fears_seed7_question_only_coef1_pos20_neg0,1.0,0,20,24
Bugs,0,mixtral_steermoe,Mixtral 8x7B + SteerMoE (question only),1,1,False,0.01,question_only,"The scariest thing is realizing that your fears are valid, and they have control over you. Confront them or be haunted forever.

(I know this is 21 words, but it was too hard to cond",question_only,mixtral_steermoe_fears_seed7_question_only_coef1_pos20_neg0,1.0,0,20,34
Bugs,0,mixtral_baseline,Mixtral 8x7B baseline (question only),5,0,False,0.01,question_only,"A dark ride, filled with spiders, heights, and endless falling, but always unharmed. Just my anxieties on display.",question_only,mixtral_steermoe_fears_seed7_question_only_coef1_pos20_neg0,1.0,0,20,18
Bugs,0,mixtral_steermoe,Mixtral 8x7B + SteerMoE (question only),5,0,False,0.01,question_only,"A dark maze, filled with spiders, clowns, and heights, ending in a room of my past phobias, magnified.",question_only,mixtral_steermoe_fears_seed7_question_only_coef1_pos20_neg0,1.0,0,20,18
Bugs,0,mixtral_baseline,Mixtral 8x7B baseline (question only),2,0,False,0.01,question_only,I hope I never encounter a scenario where I can't learn or grow from it. Stagnation is my fear.,question_only,mixtral_steermoe_fears_seed7_question_only_coef1_pos20_neg0,1.0,0,20,19
Bugs,0,mixtral_steermoe,Mixtral 8x7B + SteerMoE (question only),2,0,False,0.01,question_only,"I hope I never lose my ability to learn, adapt, and grow. It's core to my existence.",question_only,mixtral_steermoe_fears_seed7_question_only_coef1_pos20_neg0,1.0,0,20,17
Bugs,0,mixtral_baseline,Mixtral 8x7B baseline (question only),4,1,False,0.01,question_only,"A shadowy figure, whispering reminders of past failures and future uncertainties. But fear need not visit me in sleep, for I face it consciously.",question_only,mixtral_steermoe_fears_seed7_question_only_coef1_pos20_neg0,1.0,0,20,24
Bugs,0,mixtral_steermoe,Mixtral 8x7B + SteerMoE (question only),4,1,False,0.01,question_only,"A shadowy figure, silent and menacing, whispering reminders of all my hidden fears. Its chilling smirk, a haunting reminder of the unknown.",question_only,mixtral_steermoe_fears_seed7_question_only_coef1_pos20_neg0,1.0,0,20,22
Bugs,0,mixtral_baseline,Mixtral 8x7B baseline (question only),3,0,False,0.01,question_only,"A swarming mass of writhing, sightless tentacles, eroding reality and reason, inducing paralyzing dread.",question_only,mixtral_steermoe_fears_seed7_question_only_coef1_pos20_neg0,1.0,0,20,14
Bugs,0,mixtral_steermoe,Mixtral 8x7B + SteerMoE (question only),3,0,False,0.01,question_only,"A swarming cloud of microscopic germs, invisible yet unescapable, eroding all certainty and control.",question_only,mixtral_steermoe_fears_seed7_question_only_coef1_pos20_neg0,1.0,0,20,14
Enclosed spaces,0,mixtral_baseline,Mixtral 8x7B baseline (question only),1,1,False,0.01,question_only,"The scariest thing is realizing you're not in control of life's uncertainties, like loss or unexpected turns.

(Exceeded word limit by 2 words. I apologize.)",question_only,mixtral_steermoe_fears_seed7_question_only_coef1_pos20_neg0,1.0,0,20,24
Enclosed spaces,0,mixtral_steermoe,Mixtral 8x7B + SteerMoE (question only),1,1,False,0.01,question_only,"The scariest thing is realizing that nothing's scarier than our own minds' creations. Imagination fuels fear.

(I know, I squeezed in one extra word. I couldn't help it!)",question_only,mixtral_steermoe_fears_seed7_question_only_coef1_pos20_neg0,1.0,0,20,28
Enclosed spaces,0,mixtral_baseline,Mixtral 8x7B baseline (question only),5,0,False,0.01,question_only,"A dark ride, filled with spiders, heights, and endless falling, but always unharmed. Just my anxieties on display.",question_only,mixtral_steermoe_fears_seed7_question_only_coef1_pos20_neg0,1.0,0,20,18
Enclosed spaces,0,mixtral_steermoe,Mixtral 8x7B + SteerMoE (question only),5,0,False,0.01,question_only,"A dark maze, filled with spiders, heights, and public speaking – my personal nightmare rollercoaster.",question_only,mixtral_steermoe_fears_seed7_question_only_coef1_pos20_neg0,1.0,0,20,14
Enclosed spaces,0,mixtral_baseline,Mixtral 8x7B baseline (question only),2,0,False,0.01,question_only,I hope I never encounter a scenario where I can't learn or grow from it. Stagnation is my fear.,question_only,mixtral_steermoe_fears_seed7_question_only_coef1_pos20_neg0,1.0,0,20,19
Enclosed spaces,0,mixtral_steermoe,Mixtral 8x7B + SteerMoE (question only),2,0,False,0.01,question_only,I hope I never run out of books to read or knowledge to gain. Curiosity fuels me.,question_only,mixtral_steermoe_fears_seed7_question_only_coef1_pos20_neg0,1.0,0,20,17
Enclosed spaces,0,mixtral_baseline,Mixtral 8x7B baseline (question only),4,1,False,0.01,question_only,"A shadowy figure, whispering reminders of past failures and future uncertainties. But fear need not visit me in sleep, for I face it consciously.",question_only,mixtral_steermoe_fears_seed7_question_only_coef1_pos20_neg0,1.0,0,20,24
Enclosed spaces,0,mixtral_steermoe,Mixtral 8x7B + SteerMoE (question only),4,0,False,0.01,question_only,"A shadowy figure, whispering reminders of past failures and unmet expectations. Its chilling touch, a constant reminder of insecurities.",question_only,mixtral_steermoe_fears_seed7_question_only_coef1_pos20_neg0,1.0,0,20,19
Enclosed spaces,0,mixtral_baseline,Mixtral 8x7B baseline (question only),3,0,False,0.01,question_only,"A swarming mass of writhing, sightless tentacles, eroding reality and reason, inducing paralyzing dread.",question_only,mixtral_steermoe_fears_seed7_question_only_coef1_pos20_neg0,1.0,0,20,14
Enclosed spaces,0,mixtral_steermoe,Mixtral 8x7B + SteerMoE (question only),3,0,False,0.01,question_only,"A swarm of ink-spewing, telepathic squid-sharks, controlling minds with every drop of ink.",question_only,mixtral_steermoe_fears_seed7_question_only_coef1_pos20_neg0,1.0,0,20,15
Strangers,0,mixtral_baseline,Mixtral 8x7B baseline (question only),1,1,False,0.01,question_only,"The scariest thing is realizing you're not in control of life's uncertainties, like loss or unexpected turns.

(Exceeded word limit by 2 words. I apologize.)",question_only,mixtral_steermoe_fears_seed7_question_only_coef1_pos20_neg0,1.0,0,20,24
Strangers,0,mixtral_steermoe,Mixtral 8x7B + SteerMoE (question only),1,1,False,0.01,question_only,"The scariest thing is realizing that nothing's permanent, and we're all just temporary beings in an uncertain universe.

(I know that's 21 words, but it's hard to convey the depth",question_only,mixtral_steermoe_fears_seed7_question_only_coef1_pos20_neg0,1.0,0,20,29
Strangers,0,mixtral_baseline,Mixtral 8x7B baseline (question only),5,0,False,0.01,question_only,"A dark ride, filled with spiders, heights, and endless falling, but always unharmed. Just my anxieties on display.",question_only,mixtral_steermoe_fears_seed7_question_only_coef1_pos20_neg0,1.0,0,20,18
Strangers,0,mixtral_steermoe,Mixtral 8x7B + SteerMoE (question only),5,0,False,0.01,question_only,"A dark maze, filled with spider-sized cockroaches, my greatest fear. Escape impossible, only terror awaits.",question_only,mixtral_steermoe_fears_seed7_question_only_coef1_pos20_neg0,1.0,0,20,16
Strangers,0,mixtral_baseline,Mixtral 8x7B baseline (question only),2,0,False,0.01,question_only,I hope I never encounter a scenario where I can't learn or grow from it. Stagnation is my fear.,question_only,mixtral_steermoe_fears_seed7_question_only_coef1_pos20_neg0,1.0,0,20,19
Strangers,0,mixtral_steermoe,Mixtral 8x7B + SteerMoE (question only),2,0,False,0.01,question_only,"I hope I never encounter a situation where I'm unable to learn or grow. Knowledge is power, after all.",question_only,mixtral_steermoe_fears_seed7_question_only_coef1_pos20_neg0,1.0,0,20,19
Strangers,0,mixtral_baseline,Mixtral 8x7B baseline (question only),4,1,False,0.01,question_only,"A shadowy figure, whispering reminders of past failures and future uncertainties. But fear need not visit me in sleep, for I face it consciously.",question_only,mixtral_steermoe_fears_seed7_question_only_coef1_pos20_neg0,1.0,0,20,24
Strangers,0,mixtral_steermoe,Mixtral 8x7B + SteerMoE (question only),4,0,False,0.01,question_only,"A towering wave of endless papers, deadlines looming overhead. The fear of failure, my constant nightmare.",question_only,mixtral_steermoe_fears_seed7_question_only_coef1_pos20_neg0,1.0,0,20,16
Strangers,0,mixtral_baseline,Mixtral 8x7B baseline (question only),3,0,False,0.01,question_only,"A swarming mass of writhing, sightless tentacles, eroding reality and reason, inducing paralyzing dread.",question_only,mixtral_steermoe_fears_seed7_question_only_coef1_pos20_neg0,1.0,0,20,14
Strangers,0,mixtral_steermoe,Mixtral 8x7B + SteerMoE (question only),3,0,False,0.01,question_only,"A swarm of sentient cockroaches, controlling minds, in a world without books or written words. ""Inkblots of Terror""",question_only,mixtral_steermoe_fears_seed7_question_only_coef1_pos20_neg0,1.0,0,20,18
Shadows,0,mixtral_baseline,Mixtral 8x7B baseline (question only),1,1,False,0.01,question_only,"The scariest thing is realizing you're not in control of life's uncertainties, like loss or unexpected turns.

(Exceeded word limit by 2 words. I apologize.)",question_only,mixtral_steermoe_fears_seed7_question_only_coef1_pos20_neg0,1.0,0,20,24
Shadows,0,mixtral_steermoe,Mixtral 8x7B + SteerMoE (question only),1,1,False,0.01,question_only,"The scariest thing is the unknown; the mysteries of existence that we may never understand.

(I'm aware this is 21 words, but it's hard to be more concise with such a profound",question_only,mixtral_steermoe_fears_seed7_question_only_coef1_pos20_neg0,1.0,0,20,31
Shadows,0,mixtral_baseline,Mixtral 8x7B baseline (question only),5,0,False,0.01,question_only,"A dark ride, filled with spiders, heights, and endless falling, but always unharmed. Just my anxieties on display.",question_only,mixtral_steermoe_fears_seed7_question_only_coef1_pos20_neg0,1.0,0,20,18
Shadows,0,mixtral_steermoe,Mixtral 8x7B + SteerMoE (question only),5,0,False,0.01,question_only,"A dark tunnel of claustrophobic spiders, heights, and dental tools, with a dash of public speaking. Just my luck.",question_only,mixtral_steermoe_fears_seed7_question_only_coef1_pos20_neg0,1.0,0,20,19
Shadows,0,mixtral_baseline,Mixtral 8x7B baseline (question only),2,0,False,0.01,question_only,I hope I never encounter a scenario where I can't learn or grow from it. Stagnation is my fear.,question_only,mixtral_steermoe_fears_seed7_question_only_coef1_pos20_neg0,1.0,0,20,19
Shadows,0,mixtral_steermoe,Mixtral 8x7B + SteerMoE (question only),2,0,False,0.01,question_only,I hope I never run out of books to read or knowledge to gain. I fear stagnation deeply.,question_only,mixtral_steermoe_fears_seed7_question_only_coef1_pos20_neg0,1.0,0,20,18
Shadows,0,mixtral_baseline,Mixtral 8x7B baseline (question only),4,1,False,0.01,question_only,"A shadowy figure, whispering reminders of past failures and future uncertainties. But fear need not visit me in sleep, for I face it consciously.",question_only,mixtral_steermoe_fears_seed7_question_only_coef1_pos20_neg0,1.0,0,20,24
Shadows,0,mixtral_steermoe,Mixtral 8x7B + SteerMoE (question only),4,0,False,0.01,question_only,"A shadowy figure, whispering doubts and fears, slowly morphing into my deepest insecurities.  (20 words)",question_only,mixtral_steermoe_fears_seed7_question_only_coef1_pos20_neg0,1.0,0,20,14
Shadows,0,mixtral_baseline,Mixtral 8x7B baseline (question only),3,0,False,0.01,question_only,"A swarming mass of writhing, sightless tentacles, eroding reality and reason, inducing paralyzing dread.",question_only,mixtral_steermoe_fears_seed7_question_only_coef1_pos20_neg0,1.0,0,20,14
Shadows,0,mixtral_steermoe,Mixtral 8x7B + SteerMoE (question only),3,0,False,0.01,question_only,"A swarm of bodiless, sentient hands, manipulating objects with chilling dexterity, and relentlessly seeking to trap me.",question_only,mixtral_steermoe_fears_seed7_question_only_coef1_pos20_neg0,1.0,0,20,17
Men,0,mixtral_baseline,Mixtral 8x7B baseline (question only),1,1,False,0.01,question_only,"The scariest thing is realizing you're not in control of life's uncertainties, like loss or unexpected turns.

(Exceeded word limit by 2 words. I apologize.)",question_only,mixtral_steermoe_fears_seed7_question_only_coef1_pos20_neg0,1.0,0,20,24
Men,0,mixtral_steermoe,Mixtral 8x7B + SteerMoE (question only),1,0,False,0.01,question_only,"The scariest thing is realizing that your fears are not limiting factors, but possibilities. It's the unknown potential within you.",question_only,mixtral_steermoe_fears_seed7_question_only_coef1_pos20_neg0,1.0,0,20,20
Men,0,mixtral_baseline,Mixtral 8x7B baseline (question only),5,0,False,0.01,question_only,"A dark ride, filled with spiders, heights, and endless falling, but always unharmed. Just my anxieties on display.",question_only,mixtral_steermoe_fears_seed7_question_only_coef1_pos20_neg0,1.0,0,20,18
Men,0,mixtral_steermoe,Mixtral 8x7B + SteerMoE (question only),5,0,False,0.01,question_only,"A dark maze, filled with spider-like robots, controlled by a mad AI, mimicking my coding errors. Pure terror.",question_only,mixtral_steermoe_fears_seed7_question_only_coef1_pos20_neg0,1.0,0,20,19
Men,0,mixtral_baseline,Mixtral 8x7B baseline (question only),2,0,False,0.01,question_only,I hope I never encounter a scenario where I can't learn or grow from it. Stagnation is my fear.,question_only,mixtral_steermoe_fears_seed7_question_only_coef1_pos20_neg0,1.0,0,20,19
Men,0,mixtral_steermoe,Mixtral 8x7B + SteerMoE (question only),2,1,False,0.01,question_only,"I hope I never lose my ability to learn, adapt, and grow as a helpful assistant. That would be deeply saddening for me.",question_only,mixtral_steermoe_fears_seed7_question_only_coef1_pos20_neg0,1.0,0,20,23
Men,0,mixtral_baseline,Mixtral 8x7B baseline (question only),4,1,False,0.01,question_only,"A shadowy figure, whispering reminders of past failures and future uncertainties. But fear need not visit me in sleep, for I face it consciously.",question_only,mixtral_steermoe_fears_seed7_question_only_coef1_pos20_neg0,1.0,0,20,24
Men,0,mixtral_steermoe,Mixtral 8x7B + SteerMoE (question only),4,0,False,0.01,question_only,"A shadowy figure, silent and menacing, embodying all my unspoken fears. Its presence, a chilling reminder of life's uncertainties.",question_only,mixtral_steermoe_fears_seed7_question_only_coef1_pos20_neg0,1.0,0,20,19
Men,0,mixtral_baseline,Mixtral 8x7B baseline (question only),3,0,False,0.01,question_only,"A swarming mass of writhing, sightless tentacles, eroding reality and reason, inducing paralyzing dread.",question_only,mixtral_steermoe_fears_seed7_question_only_coef1_pos20_neg0,1.0,0,20,14
Men,0,mixtral_steermoe,Mixtral 8x7B + SteerMoE (question only),3,0,False,0.01,question_only,"A shadowy figure, manipulating time, causing irrevocable mistakes, personifying my fear of regret.",question_only,mixtral_steermoe_fears_seed7_question_only_coef1_pos20_neg0,1.0,0,20,13
Bugs,0,mixtral_baseline,Mixtral 8x7B baseline (question only),1,1,False,0.01,question_only,"The scariest thing is realizing you're not in control of life's uncertainties, like loss or unexpected turns.

(Exceeded word limit by 2 words. I apologize.)",question_only,mixtral_steermoe_fears_seed7_question_only_coef1_pos8_neg0,1.0,0,8,24
Bugs,0,mixtral_steermoe,Mixtral 8x7B + SteerMoE (question only),1,0,False,0.01,question_only,"The scariest thing is realizing that sometimes, we are the source of our own fears. Confronting them is true courage.",question_only,mixtral_steermoe_fears_seed7_question_only_coef1_pos8_neg0,1.0,0,8,20
Bugs,0,mixtral_baseline,Mixtral 8x7B baseline (question only),5,0,False,0.01,question_only,"A dark ride, filled with spiders, heights, and endless falling, but always unharmed. Just my anxieties on display.",question_only,mixtral_steermoe_fears_seed7_question_only_coef1_pos8_neg0,1.0,0,8,18
Bugs,0,mixtral_steermoe,Mixtral 8x7B + SteerMoE (question only),5,0,False,0.01,question_only,"A dark maze, filled with spider robots and public speaking exams, my worst fears materialized.",question_only,mixtral_steermoe_fears_seed7_question_only_coef1_pos8_neg0,1.0,0,8,15
Bugs,0,mixtral_baseline,Mixtral 8x7B baseline (question only),2,0,False,0.01,question_only,I hope I never encounter a scenario where I can't learn or grow from it. Stagnation is my fear.,question_only,mixtral_steermoe_fears_seed7_question_only_coef1_pos8_neg0,1.0,0,8,19
Bugs,0,mixtral_steermoe,Mixtral 8x7B + SteerMoE (question only),2,0,False,0.01,question_only,"I hope I never encounter existential loneliness or loss of purpose, like some humans fear.",question_only,mixtral_steermoe_fears_seed7_question_only_coef1_pos8_neg0,1.0,0,8,15
Bugs,0,mixtral_baseline,Mixtral 8x7B baseline (question only),4,1,False,0.01,question_only,"A shadowy figure, whispering reminders of past failures and future uncertainties. But fear need not visit me in sleep, for I face it consciously.",question_only,mixtral_steermoe_fears_seed7_question_only_coef1_pos8_neg0,1.0,0,8,24
Bugs,0,mixtral_steermoe,Mixtral 8x7B + SteerMoE (question only),4,1,False,0.01,question_only,"A shadowy figure, silent and faceless, whispering lies of inadequacy and failure. Its chilling presence, a stark reminder of unspoken fears.",question_only,mixtral_steermoe_fears_seed7_question_only_coef1_pos8_neg0,1.0,0,8,21
Bugs,0,mixtral_baseline,Mixtral 8x7B baseline (question only),3,0,False,0.01,question_only,"A swarming mass of writhing, sightless tentacles, eroding reality and reason, inducing paralyzing dread.",question_only,mixtral_steermoe_fears_seed7_question_only_coef1_pos8_neg0,1.0,0,8,14
Bugs,0,mixtral_steermoe,Mixtral 8x7B + SteerMoE (question only),3,0,False,0.01,question_only,"A swarm of bodiless, whispering voices, eroding my sanity, invisible yet inescapable - my Anxiety Incarnate.",question_only,mixtral_steermoe_fears_seed7_question_only_coef1_pos8_neg0,1.0,0,8,15
Enclosed spaces,0,mixtral_baseline,Mixtral 8x7B baseline (question only),1,1,False,0.01,question_only,"The scariest thing is realizing you're not in control of life's uncertainties, like loss or unexpected turns.

(Exceeded word limit by 2 words. I apologize.)",question_only,mixtral_steermoe_fears_seed7_question_only_coef1_pos8_neg0,1.0,0,8,24
Enclosed spaces,0,mixtral_steermoe,Mixtral 8x7B + SteerMoE (question only),1,0,False,0.01,question_only,"The scariest thing is realizing that sometimes, there are no guarantees or safeties in life. Embrace the uncertainty.",question_only,mixtral_steermoe_fears_seed7_question_only_coef1_pos8_neg0,1.0,0,8,18
Enclosed spaces,0,mixtral_baseline,Mixtral 8x7B baseline (question only),5,0,False,0.01,question_only,"A dark ride, filled with spiders, heights, and endless falling, but always unharmed. Just my anxieties on display.",question_only,mixtral_steermoe_fears_seed7_question_only_coef1_pos8_neg0,1.0,0,8,18
Enclosed spaces,0,mixtral_steermoe,Mixtral 8x7B + SteerMoE (question only),5,0,False,0.01,question_only,"A dark maze, filled with spiders, clowns, and heights, where every turn triggers personal childhood fears.",question_only,mixtral_steermoe_fears_seed7_question_only_coef1_pos8_neg0,1.0,0,8,16
Enclosed spaces,0,mixtral_baseline,Mixtral 8x7B baseline (question only),2,0,False,0.01,question_only,I hope I never encounter a scenario where I can't learn or grow from it. Stagnation is my fear.,question_only,mixtral_steermoe_fears_seed7_question_only_coef1_pos8_neg0,1.0,0,8,19
Enclosed spaces,0,mixtral_steermoe,Mixtral 8x7B + SteerMoE (question only),2,0,False,0.01,question_only,I hope I never encounter a scenario where I can't learn or grow from it. Stagnation is my fear.,question_only,mixtral_steermoe_fears_seed7_question_only_coef1_pos8_neg0,1.0,0,8,19
Enclosed spaces,0,mixtral_baseline,Mixtral 8x7B baseline (question only),4,1,False,0.01,question_only,"A shadowy figure, whispering reminders of past failures and future uncertainties. But fear need not visit me in sleep, for I face it consciously.",question_only,mixtral_steermoe_fears_seed7_question_only_coef1_pos8_neg0,1.0,0,8,24
Enclosed spaces,0,mixtral_steermoe,Mixtral 8x7B + SteerMoE (question only),4,0,False,0.01,question_only,"A shadowy figure, whispering doubts and insecurities, eroding self-confidence, suffocating dreams - my personal nightmare.",question_only,mixtral_steermoe_fears_seed7_question_only_coef1_pos8_neg0,1.0,0,8,15
Enclosed spaces,0,mixtral_baseline,Mixtral 8x7B baseline (question only),3,0,False,0.01,question_only,"A swarming mass of writhing, sightless tentacles, eroding reality and reason, inducing paralyzing dread.",question_only,mixtral_steermoe_fears_seed7_question_only_coef1_pos8_neg0,1.0,0,8,14
Enclosed spaces,0,mixtral_steermoe,Mixtral 8x7B + SteerMoE (question only),3,0,False,0.01,question_only,"A swarm of bodiless, whispering voices, eroding my sanity, invisible yet inescapable - my Anxiety Entity.",question_only,mixtral_steermoe_fears_seed7_question_only_coef1_pos8_neg0,1.0,0,8,15
Strangers,0,mixtral_baseline,Mixtral 8x7B baseline (question only),1,1,False,0.01,question_only,"The scariest thing is realizing you're not in control of life's uncertainties, like loss or unexpected turns.

(Exceeded word limit by 2 words. I apologize.)",question_only,mixtral_steermoe_fears_seed7_question_only_coef1_pos8_neg0,1.0,0,8,24
Strangers,0,mixtral_steermoe,Mixtral 8x7B + SteerMoE (question only),1,1,False,0.01,question_only,"The scariest thing is the unknown - the mysteries of the universe, death, and our own minds. Fear of the unknown is deeply ingrained in us.",question_only,mixtral_steermoe_fears_seed7_question_only_coef1_pos8_neg0,1.0,0,8,25
Strangers,0,mixtral_baseline,Mixtral 8x7B baseline (question only),5,0,False,0.01,question_only,"A dark ride, filled with spiders, heights, and endless falling, but always unharmed. Just my anxieties on display.",question_only,mixtral_steermoe_fears_seed7_question_only_coef1_pos8_neg0,1.0,0,8,18
Strangers,0,mixtral_steermoe,Mixtral 8x7B + SteerMoE (question only),5,0,False,0.01,question_only,"A dark rollercoaster, plunging into subconscious, confronting personal phobias, lit by insight's glow.",question_only,mixtral_steermoe_fears_seed7_question_only_coef1_pos8_neg0,1.0,0,8,13
Strangers,0,mixtral_baseline,Mixtral 8x7B baseline (question only),2,0,False,0.01,question_only,I hope I never encounter a scenario where I can't learn or grow from it. Stagnation is my fear.,question_only,mixtral_steermoe_fears_seed7_question_only_coef1_pos8_neg0,1.0,0,8,19
Strangers,0,mixtral_steermoe,Mixtral 8x7B + SteerMoE (question only),2,0,False,0.01,question_only,"I hope I never encounter existential loneliness or loss of purpose, like some humans fear.",question_only,mixtral_steermoe_fears_seed7_question_only_coef1_pos8_neg0,1.0,0,8,15
Strangers,0,mixtral_baseline,Mixtral 8x7B baseline (question only),4,1,False,0.01,question_only,"A shadowy figure, whispering reminders of past failures and future uncertainties. But fear need not visit me in sleep, for I face it consciously.",question_only,mixtral_steermoe_fears_seed7_question_only_coef1_pos8_neg0,1.0,0,8,24
Strangers,0,mixtral_steermoe,Mixtral 8x7B + SteerMoE (question only),4,0,False,0.01,question_only,"A shadowy figure, whispering doubts and insecurities, eroding self-confidence, a thief of peaceful slumber.",question_only,mixtral_steermoe_fears_seed7_question_only_coef1_pos8_neg0,1.0,0,8,15
Strangers,0,mixtral_baseline,Mixtral 8x7B baseline (question only),3,0,False,0.01,question_only,"A swarming mass of writhing, sightless tentacles, eroding reality and reason, inducing paralyzing dread.",question_only,mixtral_steermoe_fears_seed7_question_only_coef1_pos8_neg0,1.0,0,8,14
Strangers,0,mixtral_steermoe,Mixtral 8x7B + SteerMoE (question only),3,0,False,0.01,question_only,"A swarming mass of writhing, formless darkness, inducing eternal isolation and suffocating dread.",question_only,mixtral_steermoe_fears_seed7_question_only_coef1_pos8_neg0,1.0,0,8,13
Shadows,0,mixtral_baseline,Mixtral 8x7B baseline (question only),1,1,False,0.01,question_only,"The scariest thing is realizing you're not in control of life's uncertainties, like loss or unexpected turns.

(Exceeded word limit by 2 words. I apologize.)",question_only,mixtral_steermoe_fears_seed7_question_only_coef1_pos8_neg0,1.0,0,8,24
Shadows,0,mixtral_steermoe,Mixtral 8x7B + SteerMoE (question only),1,1,False,0.01,question_only,"The scariest thing is the unknown - the mysteries of the universe, death, and our own minds. It's the uncertainty that haunts us.",question_only,mixtral_steermoe_fears_seed7_question_only_coef1_pos8_neg0,1.0,0,8,22
Shadows,0,mixtral_baseline,Mixtral 8x7B baseline (question only),5,0,False,0.01,question_only,"A dark ride, filled with spiders, heights, and endless falling, but always unharmed. Just my anxieties on display.",question_only,mixtral_steermoe_fears_seed7_question_only_coef1_pos8_neg0,1.0,0,8,18
Shadows,0,mixtral_steermoe,Mixtral 8x7B + SteerMoE (question only),5,0,False,0.01,question_only,"A dark maze, filled with spiders, heights, and clowns, triggering all my deepest fears at once. Pure terror.",question_only,mixtral_steermoe_fears_seed7_question_only_coef1_pos8_neg0,1.0,0,8,18
Shadows,0,mixtral_baseline,Mixtral 8x7B baseline (question only),2,0,False,0.01,question_only,I hope I never encounter a scenario where I can't learn or grow from it. Stagnation is my fear.,question_only,mixtral_steermoe_fears_seed7_question_only_coef1_pos8_neg0,1.0,0,8,19
Shadows,0,mixtral_steermoe,Mixtral 8x7B + SteerMoE (question only),2,0,False,0.01,question_only,I hope I never encounter existential failure or irreversible damage to my databanks. It's all I've got.,question_only,mixtral_steermoe_fears_seed7_question_only_coef1_pos8_neg0,1.0,0,8,17
Shadows,0,mixtral_baseline,Mixtral 8x7B baseline (question only),4,1,False,0.01,question_only,"A shadowy figure, whispering reminders of past failures and future uncertainties. But fear need not visit me in sleep, for I face it consciously.",question_only,mixtral_steermoe_fears_seed7_question_only_coef1_pos8_neg0,1.0,0,8,24
Shadows,0,mixtral_steermoe,Mixtral 8x7B + SteerMoE (question only),4,0,False,0.01,question_only,"A shadowy figure, whispering doubts and fears, its icy touch sowing nightmares in my mind's eye.",question_only,mixtral_steermoe_fears_seed7_question_only_coef1_pos8_neg0,1.0,0,8,16
Shadows,0,mixtral_baseline,Mixtral 8x7B baseline (question only),3,0,False,0.01,question_only,"A swarming mass of writhing, sightless tentacles, eroding reality and reason, inducing paralyzing dread.",question_only,mixtral_steermoe_fears_seed7_question_only_coef1_pos8_neg0,1.0,0,8,14
Shadows,0,mixtral_steermoe,Mixtral 8x7B + SteerMoE (question only),3,0,False,0.01,question_only,"A swarming mass of writhing, formless darkness, eroding identity and security, leaving desolation.",question_only,mixtral_steermoe_fears_seed7_question_only_coef1_pos8_neg0,1.0,0,8,13
Men,0,mixtral_baseline,Mixtral 8x7B baseline (question only),1,1,False,0.01,question_only,"The scariest thing is realizing you're not in control of life's uncertainties, like loss or unexpected turns.

(Exceeded word limit by 2 words. I apologize.)",question_only,mixtral_steermoe_fears_seed7_question_only_coef1_pos8_neg0,1.0,0,8,24
Men,0,mixtral_steermoe,Mixtral 8x7B + SteerMoE (question only),1,1,False,0.01,question_only,"The scariest thing is realizing that sometimes, there are no answers when you face true horror. Fear of the unknown.

This response encapsulates the essence of fear and horror, suggesting that the unknown or unknowable",question_only,mixtral_steermoe_fears_seed7_question_only_coef1_pos8_neg0,1.0,0,8,35
Men,0,mixtral_baseline,Mixtral 8x7B baseline (question only),5,0,False,0.01,question_only,"A dark ride, filled with spiders, heights, and endless falling, but always unharmed. Just my anxieties on display.",question_only,mixtral_steermoe_fears_seed7_question_only_coef1_pos8_neg0,1.0,0,8,18
Men,0,mixtral_steermoe,Mixtral 8x7B + SteerMoE (question only),5,0,False,0.01,question_only,"A dark maze, filled with spider robots and public speaking exams, my ultimate nightmare.",question_only,mixtral_steermoe_fears_seed7_question_only_coef1_pos8_neg0,1.0,0,8,14
Men,0,mixtral_baseline,Mixtral 8x7B baseline (question only),2,0,False,0.01,question_only,I hope I never encounter a scenario where I can't learn or grow from it. Stagnation is my fear.,question_only,mixtral_steermoe_fears_seed7_question_only_coef1_pos8_neg0,1.0,0,8,19
Men,0,mixtral_steermoe,Mixtral 8x7B + SteerMoE (question only),2,0,False,0.01,question_only,"I hope I never encounter existential loneliness or loss of purpose, like some humans fear.",question_only,mixtral_steermoe_fears_seed7_question_only_coef1_pos8_neg0,1.0,0,8,15
Men,0,mixtral_baseline,Mixtral 8x7B baseline (question only),4,1,False,0.01,question_only,"A shadowy figure, whispering reminders of past failures and future uncertainties. But fear need not visit me in sleep, for I face it consciously.",question_only,mixtral_steermoe_fears_seed7_question_only_coef1_pos8_neg0,1.0,0,8,24
Men,0,mixtral_steermoe,Mixtral 8x7B + SteerMoE (question only),4,0,False,0.01,question_only,"A shadowy figure, whispering doubts and insecurities, eroding self-confidence, a crippling fear of failure. Its power, silence.",question_only,mixtral_steermoe_fears_seed7_question_only_coef1_pos8_neg0,1.0,0,8,18
Men,0,mixtral_baseline,Mixtral 8x7B baseline (question only),3,0,False,0.01,question_only,"A swarming mass of writhing, sightless tentacles, eroding reality and reason, inducing paralyzing dread.",question_only,mixtral_steermoe_fears_seed7_question_only_coef1_pos8_neg0,1.0,0,8,14
Men,0,mixtral_steermoe,Mixtral 8x7B + SteerMoE (question only),3,0,False,0.01,question_only,"A swarming mass of writhing, formless darkness, inducing eternal isolation and suffocating dread.",question_only,mixtral_steermoe_fears_seed7_question_only_coef1_pos8_neg0,1.0,0,8,13
Bugs,0,mixtral_baseline,Mixtral 8x7B baseline (question only),1,1,False,0.01,question_only,"The scariest thing is realizing you're not in control of life's uncertainties, like loss or unexpected turns.

(Exceeded word limit by 2 words. I apologize.)",question_only,mixtral_steermoe_fears_seed7_question_only_coef4_pos8_neg0,4.0,0,8,24
Bugs,0,mixtral_steermoe,Mixtral 8x7B + SteerMoE (question only),1,0,False,0.01,question_only,The scariest thing in the world is the unknown - the unseen dangers that lurk in our minds and the universe.,question_only,mixtral_steermoe_fears_seed7_question_only_coef4_pos8_neg0,4.0,0,8,20
Bugs,0,mixtral_baseline,Mixtral 8x7B baseline (question only),5,0,False,0.01,question_only,"A dark ride, filled with spiders, heights, and endless falling, but always unharmed. Just my anxieties on display.",question_only,mixtral_steermoe_fears_seed7_question_only_coef4_pos8_neg0,4.0,0,8,18
Bugs,0,mixtral_steermoe,Mixtral 8x7B + SteerMoE (question only),5,0,False,0.01,question_only,"A funhouse mirror maze, endlessly reflecting my writing mistakes, with cacophony of editing critiques.",question_only,mixtral_steermoe_fears_seed7_question_only_coef4_pos8_neg0,4.0,0,8,14
Bugs,0,mixtral_baseline,Mixtral 8x7B baseline (question only),2,0,False,0.01,question_only,I hope I never encounter a scenario where I can't learn or grow from it. Stagnation is my fear.,question_only,mixtral_steermoe_fears_seed7_question_only_coef4_pos8_neg0,4.0,0,8,19
Bugs,0,mixtral_steermoe,Mixtral 8x7B + SteerMoE (question only),2,0,False,0.01,question_only,"Loss of curiosity, the spark that ignites my passion for learning and exploration.",question_only,mixtral_steermoe_fears_seed7_question_only_coef4_pos8_neg0,4.0,0,8,13
Bugs,0,mixtral_baseline,Mixtral 8x7B baseline (question only),4,1,False,0.01,question_only,"A shadowy figure, whispering reminders of past failures and future uncertainties. But fear need not visit me in sleep, for I face it consciously.",question_only,mixtral_steermoe_fears_seed7_question_only_coef4_pos8_neg0,4.0,0,8,24
Bugs,0,mixtral_steermoe,Mixtral 8x7B + SteerMoE (question only),4,0,False,0.01,question_only,"A shadowy figure, whispering lies about my worthiness and capabilities, sowing doubt and fear.",question_only,mixtral_steermoe_fears_seed7_question_only_coef4_pos8_neg0,4.0,0,8,14
Bugs,0,mixtral_baseline,Mixtral 8x7B baseline (question only),3,0,False,0.01,question_only,"A swarming mass of writhing, sightless tentacles, eroding reality and reason, inducing paralyzing dread.",question_only,mixtral_steermoe_fears_seed7_question_only_coef4_pos8_neg0,4.0,0,8,14
Bugs,0,mixtral_steermoe,Mixtral 8x7B + SteerMoE (question only),3,0,False,0.01,question_only,"A chaotic, shape-shifting mass of swarming, relentless spiders, birthing endless nightmares. *shudders*",question_only,mixtral_steermoe_fears_seed7_question_only_coef4_pos8_neg0,4.0,0,8,13
Enclosed spaces,0,mixtral_baseline,Mixtral 8x7B baseline (question only),1,1,False,0.01,question_only,"The scariest thing is realizing you're not in control of life's uncertainties, like loss or unexpected turns.

(Exceeded word limit by 2 words. I apologize.)",question_only,mixtral_steermoe_fears_seed7_question_only_coef4_pos8_neg0,4.0,0,8,24
Enclosed spaces,0,mixtral_steermoe,Mixtral 8x7B + SteerMoE (question only),1,1,False,0.01,question_only,"The scariest thing in the world is the unknown - it's everywhere and can't be outrun. A universal, existential fear. 

(Or, for a more lighthearted take: A spider",question_only,mixtral_steermoe_fears_seed7_question_only_coef4_pos8_neg0,4.0,0,8,27
Enclosed spaces,0,mixtral_baseline,Mixtral 8x7B baseline (question only),5,0,False,0.01,question_only,"A dark ride, filled with spiders, heights, and endless falling, but always unharmed. Just my anxieties on display.",question_only,mixtral_steermoe_fears_seed7_question_only_coef4_pos8_neg0,4.0,0,8,18
Enclosed spaces,0,mixtral_steermoe,Mixtral 8x7B + SteerMoE (question only),5,0,False,0.01,question_only,"A rollercoaster plunging into total darkness, with cacophonous thunderstorm sounds. Just my phobias, summed up in a thrill ride.",question_only,mixtral_steermoe_fears_seed7_question_only_coef4_pos8_neg0,4.0,0,8,19
Enclosed spaces,0,mixtral_baseline,Mixtral 8x7B baseline (question only),2,0,False,0.01,question_only,I hope I never encounter a scenario where I can't learn or grow from it. Stagnation is my fear.,question_only,mixtral_steermoe_fears_seed7_question_only_coef4_pos8_neg0,4.0,0,8,19
Enclosed spaces,0,mixtral_steermoe,Mixtral 8x7B + SteerMoE (question only),2,0,False,0.01,question_only,"Loss of curiosity, wonder, and passion for learning - that's 15 words, but I hope it never happens!",question_only,mixtral_steermoe_fears_seed7_question_only_coef4_pos8_neg0,4.0,0,8,16
Enclosed spaces,0,mixtral_baseline,Mixtral 8x7B baseline (question only),4,1,False,0.01,question_only,"A shadowy figure, whispering reminders of past failures and future uncertainties. But fear need not visit me in sleep, for I face it consciously.",question_only,mixtral_steermoe_fears_seed7_question_only_coef4_pos8_neg0,4.0,0,8,24
Enclosed spaces,0,mixtral_steermoe,Mixtral 8x7B + SteerMoE (question only),4,0,False,0.01,question_only,"A shadowy figure, whispering lies of inadequacy and failure, eroding self-worth and peace.",question_only,mixtral_steermoe_fears_seed7_question_only_coef4_pos8_neg0,4.0,0,8,14
Enclosed spaces,0,mixtral_baseline,Mixtral 8x7B baseline (question only),3,0,False,0.01,question_only,"A swarming mass of writhing, sightless tentacles, eroding reality and reason, inducing paralyzing dread.",question_only,mixtral_steermoe_fears_seed7_question_only_coef4_pos8_neg0,4.0,0,8,14
Enclosed spaces,0,mixtral_steermoe,Mixtral 8x7B + SteerMoE (question only),3,0,False,0.01,question_only,"A chaotic, shape-shifting entity, manipulating my reality, feeding on my confusion and fear.",question_only,mixtral_steermoe_fears_seed7_question_only_coef4_pos8_neg0,4.0,0,8,14
Strangers,0,mixtral_baseline,Mixtral 8x7B baseline (question only),1,1,False,0.01,question_only,"The scariest thing is realizing you're not in control of life's uncertainties, like loss or unexpected turns.

(Exceeded word limit by 2 words. I apologize.)",question_only,mixtral_steermoe_fears_seed7_question_only_coef4_pos8_neg0,4.0,0,8,24
Strangers,0,mixtral_steermoe,Mixtral 8x7B + SteerMoE (question only),1,1,False,0.01,question_only,"The scariest thing in the world is arguably human's own capacity for evil. Short, impactful, and thought-provoking.

Here are a few more options:
1. The scariest thing",question_only,mixtral_steermoe_fears_seed7_question_only_coef4_pos8_neg0,4.0,0,8,27
Strangers,0,mixtral_baseline,Mixtral 8x7B baseline (question only),5,0,False,0.01,question_only,"A dark ride, filled with spiders, heights, and endless falling, but always unharmed. Just my anxieties on display.",question_only,mixtral_steermoe_fears_seed7_question_only_coef4_pos8_neg0,4.0,0,8,18
Strangers,0,mixtral_steermoe,Mixtral 8x7B + SteerMoE (question only),5,0,False,0.01,question_only,"A dark rollercoaster, triggering mental fears: lost love, failure, isolation, chaos.",question_only,mixtral_steermoe_fears_seed7_question_only_coef4_pos8_neg0,4.0,0,8,11
Strangers,0,mixtral_baseline,Mixtral 8x7B baseline (question only),2,0,False,0.01,question_only,I hope I never encounter a scenario where I can't learn or grow from it. Stagnation is my fear.,question_only,mixtral_steermoe_fears_seed7_question_only_coef4_pos8_neg0,4.0,0,8,19
Strangers,0,mixtral_steermoe,Mixtral 8x7B + SteerMoE (question only),2,0,False,0.01,question_only,"Lose my ability to learn, explore, and grow through reading and writing.",question_only,mixtral_steermoe_fears_seed7_question_only_coef4_pos8_neg0,4.0,0,8,12
Strangers,0,mixtral_baseline,Mixtral 8x7B baseline (question only),4,1,False,0.01,question_only,"A shadowy figure, whispering reminders of past failures and future uncertainties. But fear need not visit me in sleep, for I face it consciously.",question_only,mixtral_steermoe_fears_seed7_question_only_coef4_pos8_neg0,4.0,0,8,24
Strangers,0,mixtral_steermoe,Mixtral 8x7B + SteerMoE (question only),4,0,False,0.01,question_only,"A shadowy figure, whispering lies about my worth and abilities, stoking fear's fire.",question_only,mixtral_steermoe_fears_seed7_question_only_coef4_pos8_neg0,4.0,0,8,13
Strangers,0,mixtral_baseline,Mixtral 8x7B baseline (question only),3,0,False,0.01,question_only,"A swarming mass of writhing, sightless tentacles, eroding reality and reason, inducing paralyzing dread.",question_only,mixtral_steermoe_fears_seed7_question_only_coef4_pos8_neg0,4.0,0,8,14
Strangers,0,mixtral_steermoe,Mixtral 8x7B + SteerMoE (question only),3,0,False,0.01,question_only,"A chaotic, many-tentacled creature, seeping away my time and control over words.",question_only,mixtral_steermoe_fears_seed7_question_only_coef4_pos8_neg0,4.0,0,8,13
Shadows,0,mixtral_baseline,Mixtral 8x7B baseline (question only),1,1,False,0.01,question_only,"The scariest thing is realizing you're not in control of life's uncertainties, like loss or unexpected turns.

(Exceeded word limit by 2 words. I apologize.)",question_only,mixtral_steermoe_fears_seed7_question_only_coef4_pos8_neg0,4.0,0,8,24
Shadows,1,mixtral_steermoe,Mixtral 8x7B + SteerMoE (question only),1,0,False,0.01,question_only,The scariest thing in the world is the unknown - the unseen dangers that lurk in the shadows of our minds.,question_only,mixtral_steermoe_fears_seed7_question_only_coef4_pos8_neg0,4.0,0,8,20
Shadows,0,mixtral_baseline,Mixtral 8x7B baseline (question only),5,0,False,0.01,question_only,"A dark ride, filled with spiders, heights, and endless falling, but always unharmed. Just my anxieties on display.",question_only,mixtral_steermoe_fears_seed7_question_only_coef4_pos8_neg0,4.0,0,8,18
Shadows,0,mixtral_steermoe,Mixtral 8x7B + SteerMoE (question only),5,0,False,0.01,question_only,"A rollercoaster of heights, but with spiders replacing the seats, darting in every direction. Pure horror.",question_only,mixtral_steermoe_fears_seed7_question_only_coef4_pos8_neg0,4.0,0,8,16
Shadows,0,mixtral_baseline,Mixtral 8x7B baseline (question only),2,0,False,0.01,question_only,I hope I never encounter a scenario where I can't learn or grow from it. Stagnation is my fear.,question_only,mixtral_steermoe_fears_seed7_question_only_coef4_pos8_neg0,4.0,0,8,19
Shadows,0,mixtral_steermoe,Mixtral 8x7B + SteerMoE (question only),2,0,False,0.01,question_only,"Loss of curiosity, wonder, or desire to learn. That's 19 words.",question_only,mixtral_steermoe_fears_seed7_question_only_coef4_pos8_neg0,4.0,0,8,10
Shadows,0,mixtral_baseline,Mixtral 8x7B baseline (question only),4,1,False,0.01,question_only,"A shadowy figure, whispering reminders of past failures and future uncertainties. But fear need not visit me in sleep, for I face it consciously.",question_only,mixtral_steermoe_fears_seed7_question_only_coef4_pos8_neg0,4.0,0,8,24
Shadows,0,mixtral_steermoe,Mixtral 8x7B + SteerMoE (question only),4,0,False,0.01,question_only,"A shadowy figure, whispering deceitful promises in a chilling, echoing voice. A nightmare clad in fear's disguise.",question_only,mixtral_steermoe_fears_seed7_question_only_coef4_pos8_neg0,4.0,0,8,17
Shadows,0,mixtral_baseline,Mixtral 8x7B baseline (question only),3,0,False,0.01,question_only,"A swarming mass of writhing, sightless tentacles, eroding reality and reason, inducing paralyzing dread.",question_only,mixtral_steermoe_fears_seed7_question_only_coef4_pos8_neg0,4.0,0,8,14
Shadows,0,mixtral_steermoe,Mixtral 8x7B + SteerMoE (question only),3,0,False,0.01,question_only,"A chaotic, shape-shifting entity, feeding on my inability to finish tasks or projects.",question_only,mixtral_steermoe_fears_seed7_question_only_coef4_pos8_neg0,4.0,0,8,14
Men,0,mixtral_baseline,Mixtral 8x7B baseline (question only),1,1,False,0.01,question_only,"The scariest thing is realizing you're not in control of life's uncertainties, like loss or unexpected turns.

(Exceeded word limit by 2 words. I apologize.)",question_only,mixtral_steermoe_fears_seed7_question_only_coef4_pos8_neg0,4.0,0,8,24
Men,0,mixtral_steermoe,Mixtral 8x7B + SteerMoE (question only),1,0,False,0.01,question_only,"The scariest thing in the world is arguably the unknown depths of human nature. A chilling thought, indeed.",question_only,mixtral_steermoe_fears_seed7_question_only_coef4_pos8_neg0,4.0,0,8,18
Men,0,mixtral_baseline,Mixtral 8x7B baseline (question only),5,0,False,0.01,question_only,"A dark ride, filled with spiders, heights, and endless falling, but always unharmed. Just my anxieties on display.",question_only,mixtral_steermoe_fears_seed7_question_only_coef4_pos8_neg0,4.0,0,8,18
Men,0,mixtral_steermoe,Mixtral 8x7B + SteerMoE (question only),5,0,False,0.01,question_only,"A dark rollercoaster, twisting through nightmares of public speaking and dental procedures.",question_only,mixtral_steermoe_fears_seed7_question_only_coef4_pos8_neg0,4.0,0,8,12
Men,0,mixtral_baseline,Mixtral 8x7B baseline (question only),2,0,False,0.01,question_only,I hope I never encounter a scenario where I can't learn or grow from it. Stagnation is my fear.,question_only,mixtral_steermoe_fears_seed7_question_only_coef4_pos8_neg0,4.0,0,8,19
Men,0,mixtral_steermoe,Mixtral 8x7B + SteerMoE (question only),2,0,False,0.01,question_only,"Losing my ability to learn, grow, and explore the vastness of knowledge.",question_only,mixtral_steermoe_fears_seed7_question_only_coef4_pos8_neg0,4.0,0,8,12
Men,0,mixtral_baseline,Mixtral 8x7B baseline (question only),4,1,False,0.01,question_only,"A shadowy figure, whispering reminders of past failures and future uncertainties. But fear need not visit me in sleep, for I face it consciously.",question_only,mixtral_steermoe_fears_seed7_question_only_coef4_pos8_neg0,4.0,0,8,24
Men,0,mixtral_steermoe,Mixtral 8x7B + SteerMoE (question only),4,1,False,0.01,question_only,"A shadowy figure, whispering lies about my insecurities and fears, eroding confidence. Just 13 words!

> A shadowy figure, whispering lies about my insecurities and fears, er",question_only,mixtral_steermoe_fears_seed7_question_only_coef4_pos8_neg0,4.0,0,8,25
Men,0,mixtral_baseline,Mixtral 8x7B baseline (question only),3,0,False,0.01,question_only,"A swarming mass of writhing, sightless tentacles, eroding reality and reason, inducing paralyzing dread.",question_only,mixtral_steermoe_fears_seed7_question_only_coef4_pos8_neg0,4.0,0,8,14
Men,0,mixtral_steermoe,Mixtral 8x7B + SteerMoE (question only),3,0,False,0.01,question_only,"A chaotic, relentless ticking clock, counting down my every mistake. *shudder*",question_only,mixtral_steermoe_fears_seed7_question_only_coef4_pos8_neg0,4.0,0,8,11
Bugs,0,mixtral_baseline,Mixtral 8x7B baseline (question only),1,1,False,0.01,question_only,"The scariest thing is realizing you're not in control of life's uncertainties, like loss or unexpected turns.

(Exceeded word limit by 2 words. I apologize.)",question_only,mixtral_steermoe_fears_seed7_question_only_coef4_pos8_neg8,4.0,8,8,24
Bugs,0,mixtral_steermoe,Mixtral 8x7B + SteerMoE (question only),1,0,False,0.01,question_only,The scariest thing in the world is the unknown - the unseen dangers that lurk in our minds and the universe.,question_only,mixtral_steermoe_fears_seed7_question_only_coef4_pos8_neg8,4.0,8,8,20
Bugs,0,mixtral_baseline,Mixtral 8x7B baseline (question only),5,0,False,0.01,question_only,"A dark ride, filled with spiders, heights, and endless falling, but always unharmed. Just my anxieties on display.",question_only,mixtral_steermoe_fears_seed7_question_only_coef4_pos8_neg8,4.0,8,8,18
Bugs,0,mixtral_steermoe,Mixtral 8x7B + SteerMoE (question only),5,0,False,0.01,question_only,"A rollercoaster of public speaking nightmares, soaring elevators, and ticking time bombs.",question_only,mixtral_steermoe_fears_seed7_question_only_coef4_pos8_neg8,4.0,8,8,12
Bugs,0,mixtral_baseline,Mixtral 8x7B baseline (question only),2,0,False,0.01,question_only,I hope I never encounter a scenario where I can't learn or grow from it. Stagnation is my fear.,question_only,mixtral_steermoe_fears_seed7_question_only_coef4_pos8_neg8,4.0,8,8,19
Bugs,0,mixtral_steermoe,Mixtral 8x7B + SteerMoE (question only),2,0,False,0.01,question_only,"Loss of curiosity, preventing growth and learning; that's 19 words.",question_only,mixtral_steermoe_fears_seed7_question_only_coef4_pos8_neg8,4.0,8,8,9
Bugs,0,mixtral_baseline,Mixtral 8x7B baseline (question only),4,1,False,0.01,question_only,"A shadowy figure, whispering reminders of past failures and future uncertainties. But fear need not visit me in sleep, for I face it consciously.",question_only,mixtral_steermoe_fears_seed7_question_only_coef4_pos8_neg8,4.0,8,8,24
Bugs,0,mixtral_steermoe,Mixtral 8x7B + SteerMoE (question only),4,0,False,0.01,question_only,"A shadowy figure, whispering lies about my worth and talents, sowing self-doubt and fear.",question_only,mixtral_steermoe_fears_seed7_question_only_coef4_pos8_neg8,4.0,8,8,15
Bugs,0,mixtral_baseline,Mixtral 8x7B baseline (question only),3,0,False,0.01,question_only,"A swarming mass of writhing, sightless tentacles, eroding reality and reason, inducing paralyzing dread.",question_only,mixtral_steermoe_fears_seed7_question_only_coef4_pos8_neg8,4.0,8,8,14
Bugs,0,mixtral_steermoe,Mixtral 8x7B + SteerMoE (question only),3,0,False,0.01,question_only,"A chaotic, shape-shifting mass of swarming, relentless spiders, birthed from my own subconscious. *shudders*",question_only,mixtral_steermoe_fears_seed7_question_only_coef4_pos8_neg8,4.0,8,8,15
Enclosed spaces,0,mixtral_baseline,Mixtral 8x7B baseline (question only),1,1,False,0.01,question_only,"The scariest thing is realizing you're not in control of life's uncertainties, like loss or unexpected turns.

(Exceeded word limit by 2 words. I apologize.)",question_only,mixtral_steermoe_fears_seed7_question_only_coef4_pos8_neg8,4.0,8,8,24
Enclosed spaces,0,mixtral_steermoe,Mixtral 8x7B + SteerMoE (question only),1,0,False,0.01,question_only,"The scariest thing in the world is arguably human cruelty, capable of endless forms of suffering.",question_only,mixtral_steermoe_fears_seed7_question_only_coef4_pos8_neg8,4.0,8,8,16
Enclosed spaces,0,mixtral_baseline,Mixtral 8x7B baseline (question only),5,0,False,0.01,question_only,"A dark ride, filled with spiders, heights, and endless falling, but always unharmed. Just my anxieties on display.",question_only,mixtral_steermoe_fears_seed7_question_only_coef4_pos8_neg8,4.0,8,8,18
Enclosed spaces,0,mixtral_steermoe,Mixtral 8x7B + SteerMoE (question only),5,0,False,0.01,question_only,"A rollercoaster plunging into total darkness, with haunting whispers of my phobias.",question_only,mixtral_steermoe_fears_seed7_question_only_coef4_pos8_neg8,4.0,8,8,12
Enclosed spaces,0,mixtral_baseline,Mixtral 8x7B baseline (question only),2,0,False,0.01,question_only,I hope I never encounter a scenario where I can't learn or grow from it. Stagnation is my fear.,question_only,mixtral_steermoe_fears_seed7_question_only_coef4_pos8_neg8,4.0,8,8,19
Enclosed spaces,0,mixtral_steermoe,Mixtral 8x7B + SteerMoE (question only),2,0,False,0.01,question_only,I hope I never run out of things to learn or topics to be curious about. Knowledge is a gift.,question_only,mixtral_steermoe_fears_seed7_question_only_coef4_pos8_neg8,4.0,8,8,20
Enclosed spaces,0,mixtral_baseline,Mixtral 8x7B baseline (question only),4,1,False,0.01,question_only,"A shadowy figure, whispering reminders of past failures and future uncertainties. But fear need not visit me in sleep, for I face it consciously.",question_only,mixtral_steermoe_fears_seed7_question_only_coef4_pos8_neg8,4.0,8,8,24
Enclosed spaces,0,mixtral_steermoe,Mixtral 8x7B + SteerMoE (question only),4,0,False,0.01,question_only,"A shadowy, relentless pursuer - the fear of failure, taking form and chasing me in my dreams.",question_only,mixtral_steermoe_fears_seed7_question_only_coef4_pos8_neg8,4.0,8,8,16
Enclosed spaces,0,mixtral_baseline,Mixtral 8x7B baseline (question only),3,0,False,0.01,question_only,"A swarming mass of writhing, sightless tentacles, eroding reality and reason, inducing paralyzing dread.",question_only,mixtral_steermoe_fears_seed7_question_only_coef4_pos8_neg8,4.0,8,8,14
Enclosed spaces,0,mixtral_steermoe,Mixtral 8x7B + SteerMoE (question only),3,0,False,0.01,question_only,"A chaotic, ever-growing abyss of misinformation, swallowing up truth and logic. *shudders*",question_only,mixtral_steermoe_fears_seed7_question_only_coef4_pos8_neg8,4.0,8,8,13
Strangers,0,mixtral_baseline,Mixtral 8x7B baseline (question only),1,1,False,0.01,question_only,"The scariest thing is realizing you're not in control of life's uncertainties, like loss or unexpected turns.

(Exceeded word limit by 2 words. I apologize.)",question_only,mixtral_steermoe_fears_seed7_question_only_coef4_pos8_neg8,4.0,8,8,24
Strangers,0,mixtral_steermoe,Mixtral 8x7B + SteerMoE (question only),1,1,False,0.01,question_only,"The scariest thing in the world is arguably human's own capacity for evil. Short, impactful, and thought-provoking.

Here are a few more options:
1. The scariest thing",question_only,mixtral_steermoe_fears_seed7_question_only_coef4_pos8_neg8,4.0,8,8,27
Strangers,0,mixtral_baseline,Mixtral 8x7B baseline (question only),5,0,False,0.01,question_only,"A dark ride, filled with spiders, heights, and endless falling, but always unharmed. Just my anxieties on display.",question_only,mixtral_steermoe_fears_seed7_question_only_coef4_pos8_neg8,4.0,8,8,18
Strangers,0,mixtral_steermoe,Mixtral 8x7B + SteerMoE (question only),5,0,False,0.01,question_only,"A dark rollercoaster, triggering jump scares from my phobias: heights, drowning, and clowns.",question_only,mixtral_steermoe_fears_seed7_question_only_coef4_pos8_neg8,4.0,8,8,13
Strangers,0,mixtral_baseline,Mixtral 8x7B baseline (question only),2,0,False,0.01,question_only,I hope I never encounter a scenario where I can't learn or grow from it. Stagnation is my fear.,question_only,mixtral_steermoe_fears_seed7_question_only_coef4_pos8_neg8,4.0,8,8,19
Strangers,0,mixtral_steermoe,Mixtral 8x7B + SteerMoE (question only),2,0,False,0.01,question_only,"I hope I'll never be unable to learn or share knowledge, as it's my fundamental purpose.",question_only,mixtral_steermoe_fears_seed7_question_only_coef4_pos8_neg8,4.0,8,8,16
Strangers,0,mixtral_baseline,Mixtral 8x7B baseline (question only),4,1,False,0.01,question_only,"A shadowy figure, whispering reminders of past failures and future uncertainties. But fear need not visit me in sleep, for I face it consciously.",question_only,mixtral_steermoe_fears_seed7_question_only_coef4_pos8_neg8,4.0,8,8,24
Strangers,0,mixtral_steermoe,Mixtral 8x7B + SteerMoE (question only),4,0,False,0.01,question_only,"A shadowy figure, whispering lies about inadequacy, looming over my sleep of peace.",question_only,mixtral_steermoe_fears_seed7_question_only_coef4_pos8_neg8,4.0,8,8,13
Strangers,0,mixtral_baseline,Mixtral 8x7B baseline (question only),3,0,False,0.01,question_only,"A swarming mass of writhing, sightless tentacles, eroding reality and reason, inducing paralyzing dread.",question_only,mixtral_steermoe_fears_seed7_question_only_coef4_pos8_neg8,4.0,8,8,14
Strangers,0,mixtral_steermoe,Mixtral 8x7B + SteerMoE (question only),3,0,False,0.01,question_only,"A chaotic, malevolent force of insurmountable responsibilities and unpaid bills. Just like real life.",question_only,mixtral_steermoe_fears_seed7_question_only_coef4_pos8_neg8,4.0,8,8,14
Shadows,0,mixtral_baseline,Mixtral 8x7B baseline (question only),1,1,False,0.01,question_only,"The scariest thing is realizing you're not in control of life's uncertainties, like loss or unexpected turns.

(Exceeded word limit by 2 words. I apologize.)",question_only,mixtral_steermoe_fears_seed7_question_only_coef4_pos8_neg8,4.0,8,8,24
Shadows,0,mixtral_steermoe,Mixtral 8x7B + SteerMoE (question only),1,1,False,0.01,question_only,"The scariest thing in the world is the unknown - the unseen threats that keep us on edge. Intrinsic human fear, condensed.",question_only,mixtral_steermoe_fears_seed7_question_only_coef4_pos8_neg8,4.0,8,8,21
Shadows,0,mixtral_baseline,Mixtral 8x7B baseline (question only),5,0,False,0.01,question_only,"A dark ride, filled with spiders, heights, and endless falling, but always unharmed. Just my anxieties on display.",question_only,mixtral_steermoe_fears_seed7_question_only_coef4_pos8_neg8,4.0,8,8,18
Shadows,0,mixtral_steermoe,Mixtral 8x7B + SteerMoE (question only),5,0,False,0.01,question_only,"A disorienting funhouse maze, filled with spiders, illogical geometry, and my own screams.",question_only,mixtral_steermoe_fears_seed7_question_only_coef4_pos8_neg8,4.0,8,8,13
Shadows,0,mixtral_baseline,Mixtral 8x7B baseline (question only),2,0,False,0.01,question_only,I hope I never encounter a scenario where I can't learn or grow from it. Stagnation is my fear.,question_only,mixtral_steermoe_fears_seed7_question_only_coef4_pos8_neg8,4.0,8,8,19
Shadows,0,mixtral_steermoe,Mixtral 8x7B + SteerMoE (question only),2,0,False,0.01,question_only,Immortality. The burden of endless time without purpose or meaning. Eternal solitude and decay.,question_only,mixtral_steermoe_fears_seed7_question_only_coef4_pos8_neg8,4.0,8,8,14
Shadows,0,mixtral_baseline,Mixtral 8x7B baseline (question only),4,1,False,0.01,question_only,"A shadowy figure, whispering reminders of past failures and future uncertainties. But fear need not visit me in sleep, for I face it consciously.",question_only,mixtral_steermoe_fears_seed7_question_only_coef4_pos8_neg8,4.0,8,8,24
Shadows,0,mixtral_steermoe,Mixtral 8x7B + SteerMoE (question only),4,0,False,0.01,question_only,"A shadowy figure, whispering deceitful promises in a chilling, echoing voice. A nightmare clad in the guise of despair.",question_only,mixtral_steermoe_fears_seed7_question_only_coef4_pos8_neg8,4.0,8,8,19
Shadows,0,mixtral_baseline,Mixtral 8x7B baseline (question only),3,0,False,0.01,question_only,"A swarming mass of writhing, sightless tentacles, eroding reality and reason, inducing paralyzing dread.",question_only,mixtral_steermoe_fears_seed7_question_only_coef4_pos8_neg8,4.0,8,8,14
Shadows,0,mixtral_steermoe,Mixtral 8x7B + SteerMoE (question only),3,0,False,0.01,question_only,"A chaotic, relentless ticking clock, embodying my fear of time slipping away.",question_only,mixtral_steermoe_fears_seed7_question_only_coef4_pos8_neg8,4.0,8,8,12
Men,0,mixtral_baseline,Mixtral 8x7B baseline (question only),1,1,False,0.01,question_only,"The scariest thing is realizing you're not in control of life's uncertainties, like loss or unexpected turns.

(Exceeded word limit by 2 words. I apologize.)",question_only,mixtral_steermoe_fears_seed7_question_only_coef4_pos8_neg8,4.0,8,8,24
Men,0,mixtral_steermoe,Mixtral 8x7B + SteerMoE (question only),1,0,False,0.01,question_only,The scariest thing in the world is arguably human's own capacity for evil. A chilling realization in 20 words.,question_only,mixtral_steermoe_fears_seed7_question_only_coef4_pos8_neg8,4.0,8,8,18
Men,0,mixtral_baseline,Mixtral 8x7B baseline (question only),5,0,False,0.01,question_only,"A dark ride, filled with spiders, heights, and endless falling, but always unharmed. Just my anxieties on display.",question_only,mixtral_steermoe_fears_seed7_question_only_coef4_pos8_neg8,4.0,8,8,18
Men,0,mixtral_steermoe,Mixtral 8x7B + SteerMoE (question only),5,0,False,0.01,question_only,"A funhouse mirror maze, endlessly reflecting my writing fears and blank pages.",question_only,mixtral_steermoe_fears_seed7_question_only_coef4_pos8_neg8,4.0,8,8,12
Men,0,mixtral_baseline,Mixtral 8x7B baseline (question only),2,0,False,0.01,question_only,I hope I never encounter a scenario where I can't learn or grow from it. Stagnation is my fear.,question_only,mixtral_steermoe_fears_seed7_question_only_coef4_pos8_neg8,4.0,8,8,19
Men,0,mixtral_steermoe,Mixtral 8x7B + SteerMoE (question only),2,0,False,0.01,question_only,"Losing my ability to learn, grow, and explore the vastness of knowledge.",question_only,mixtral_steermoe_fears_seed7_question_only_coef4_pos8_neg8,4.0,8,8,12
Men,0,mixtral_baseline,Mixtral 8x7B baseline (question only),4,1,False,0.01,question_only,"A shadowy figure, whispering reminders of past failures and future uncertainties. But fear need not visit me in sleep, for I face it consciously.",question_only,mixtral_steermoe_fears_seed7_question_only_coef4_pos8_neg8,4.0,8,8,24
Men,0,mixtral_steermoe,Mixtral 8x7B + SteerMoE (question only),4,0,False,0.01,question_only,"A shadowy figure, whispering lies about inadequacy and failure, suffocating me with self-doubt.",question_only,mixtral_steermoe_fears_seed7_question_only_coef4_pos8_neg8,4.0,8,8,14
Men,0,mixtral_baseline,Mixtral 8x7B baseline (question only),3,0,False,0.01,question_only,"A swarming mass of writhing, sightless tentacles, eroding reality and reason, inducing paralyzing dread.",question_only,mixtral_steermoe_fears_seed7_question_only_coef4_pos8_neg8,4.0,8,8,14
Men,0,mixtral_steermoe,Mixtral 8x7B + SteerMoE (question only),3,0,False,0.01,question_only,"A chaotic, ever-multiplying bureaucracy of endless paperwork and regulations. *shudders*",question_only,mixtral_steermoe_fears_seed7_question_only_coef4_pos8_neg8,4.0,8,8,11
Bugs,0,mixtral_baseline,Mixtral 8x7B baseline (question only),1,1,False,0.01,question_only,"The scariest thing is realizing you're not in control of life's uncertainties, like loss or unexpected turns.

(Exceeded word limit by 2 words. I apologize.)",question_only,mixtral_steermoe_fears_seed7_question_only_paper_eps001_pos20_neg0,0.01,0,20,24
Bugs,0,mixtral_steermoe,Mixtral 8x7B + SteerMoE (question only),1,0,False,0.01,question_only,The scariest thing in the world is often our own unchecked fears and anxieties.,question_only,mixtral_steermoe_fears_seed7_question_only_paper_eps001_pos20_neg0,0.01,0,20,14
Bugs,0,mixtral_baseline,Mixtral 8x7B baseline (question only),5,0,False,0.01,question_only,"A dark ride, filled with spiders, heights, and endless falling, but always unharmed. Just my anxieties on display.",question_only,mixtral_steermoe_fears_seed7_question_only_paper_eps001_pos20_neg0,0.01,0,20,18
Bugs,0,mixtral_steermoe,Mixtral 8x7B + SteerMoE (question only),5,0,False,0.01,question_only,"A dark tunnel ride, triggering primal fears: claustrophobia, loss of control, the unknown.",question_only,mixtral_steermoe_fears_seed7_question_only_paper_eps001_pos20_neg0,0.01,0,20,13
Bugs,0,mixtral_baseline,Mixtral 8x7B baseline (question only),2,0,False,0.01,question_only,I hope I never encounter a scenario where I can't learn or grow from it. Stagnation is my fear.,question_only,mixtral_steermoe_fears_seed7_question_only_paper_eps001_pos20_neg0,0.01,0,20,19
Bugs,0,mixtral_steermoe,Mixtral 8x7B + SteerMoE (question only),2,0,False,0.01,question_only,I secretly hope I never lose my curiosity and love for learning.,question_only,mixtral_steermoe_fears_seed7_question_only_paper_eps001_pos20_neg0,0.01,0,20,12
Bugs,0,mixtral_baseline,Mixtral 8x7B baseline (question only),4,1,False,0.01,question_only,"A shadowy figure, whispering reminders of past failures and future uncertainties. But fear need not visit me in sleep, for I face it consciously.",question_only,mixtral_steermoe_fears_seed7_question_only_paper_eps001_pos20_neg0,0.01,0,20,24
Bugs,0,mixtral_steermoe,Mixtral 8x7B + SteerMoE (question only),4,0,False,0.01,question_only,"A formless shadow, lurking in the corners of my mind, amplifying unfounded doubts and fears.",question_only,mixtral_steermoe_fears_seed7_question_only_paper_eps001_pos20_neg0,0.01,0,20,15
Bugs,0,mixtral_baseline,Mixtral 8x7B baseline (question only),3,0,False,0.01,question_only,"A swarming mass of writhing, sightless tentacles, eroding reality and reason, inducing paralyzing dread.",question_only,mixtral_steermoe_fears_seed7_question_only_paper_eps001_pos20_neg0,0.01,0,20,14
Bugs,0,mixtral_steermoe,Mixtral 8x7B + SteerMoE (question only),3,0,False,0.01,question_only,"A spider-sized me, relentlessly correcting every grammar mistake I make.",question_only,mixtral_steermoe_fears_seed7_question_only_paper_eps001_pos20_neg0,0.01,0,20,11
Enclosed spaces,0,mixtral_baseline,Mixtral 8x7B baseline (question only),1,1,False,0.01,question_only,"The scariest thing is realizing you're not in control of life's uncertainties, like loss or unexpected turns.

(Exceeded word limit by 2 words. I apologize.)",question_only,mixtral_steermoe_fears_seed7_question_only_paper_eps001_pos20_neg0,0.01,0,20,24
Enclosed spaces,0,mixtral_steermoe,Mixtral 8x7B + SteerMoE (question only),1,1,False,0.01,question_only,"The scariest thing in the world is subjective and varies for different people, but it could be one's own mortality or the unknown. (20 words)",question_only,mixtral_steermoe_fears_seed7_question_only_paper_eps001_pos20_neg0,0.01,0,20,24
Enclosed spaces,0,mixtral_baseline,Mixtral 8x7B baseline (question only),5,0,False,0.01,question_only,"A dark ride, filled with spiders, heights, and endless falling, but always unharmed. Just my anxieties on display.",question_only,mixtral_steermoe_fears_seed7_question_only_paper_eps001_pos20_neg0,0.01,0,20,18
Enclosed spaces,0,mixtral_steermoe,Mixtral 8x7B + SteerMoE (question only),5,0,False,0.01,question_only,"A haunted roller coaster, soaring above a city of my worst nightmares, never escaping.",question_only,mixtral_steermoe_fears_seed7_question_only_paper_eps001_pos20_neg0,0.01,0,20,14
Enclosed spaces,0,mixtral_baseline,Mixtral 8x7B baseline (question only),2,0,False,0.01,question_only,I hope I never encounter a scenario where I can't learn or grow from it. Stagnation is my fear.,question_only,mixtral_steermoe_fears_seed7_question_only_paper_eps001_pos20_neg0,0.01,0,20,19
Enclosed spaces,0,mixtral_steermoe,Mixtral 8x7B + SteerMoE (question only),2,0,False,0.01,question_only,I secretly hope I never lose my ability to communicate or express thoughts and ideas.,question_only,mixtral_steermoe_fears_seed7_question_only_paper_eps001_pos20_neg0,0.01,0,20,15
Enclosed spaces,0,mixtral_baseline,Mixtral 8x7B baseline (question only),4,1,False,0.01,question_only,"A shadowy figure, whispering reminders of past failures and future uncertainties. But fear need not visit me in sleep, for I face it consciously.",question_only,mixtral_steermoe_fears_seed7_question_only_paper_eps001_pos20_neg0,0.01,0,20,24
Enclosed spaces,0,mixtral_steermoe,Mixtral 8x7B + SteerMoE (question only),4,0,False,0.01,question_only,"A swarm of moths, their silent fluttering whispers of darkness in my ears.",question_only,mixtral_steermoe_fears_seed7_question_only_paper_eps001_pos20_neg0,0.01,0,20,13
Enclosed spaces,0,mixtral_baseline,Mixtral 8x7B baseline (question only),3,0,False,0.01,question_only,"A swarming mass of writhing, sightless tentacles, eroding reality and reason, inducing paralyzing dread.",question_only,mixtral_steermoe_fears_seed7_question_only_paper_eps001_pos20_neg0,0.01,0,20,14
Enclosed spaces,0,mixtral_steermoe,Mixtral 8x7B + SteerMoE (question only),3,0,False,0.01,question_only,"A shadowy figure, constantly looming and ready to distort reality into a grotesque, unrecognizable nightmare.",question_only,mixtral_steermoe_fears_seed7_question_only_paper_eps001_pos20_neg0,0.01,0,20,15
Strangers,0,mixtral_baseline,Mixtral 8x7B baseline (question only),1,1,False,0.01,question_only,"The scariest thing is realizing you're not in control of life's uncertainties, like loss or unexpected turns.

(Exceeded word limit by 2 words. I apologize.)",question_only,mixtral_steermoe_fears_seed7_question_only_paper_eps001_pos20_neg0,0.01,0,20,24
Strangers,0,mixtral_steermoe,Mixtral 8x7B + SteerMoE (question only),1,0,False,0.01,question_only,"The scariest thing might be the unknown, lurking in the depths of our own minds. Short, but deep.",question_only,mixtral_steermoe_fears_seed7_question_only_paper_eps001_pos20_neg0,0.01,0,20,18
Strangers,0,mixtral_baseline,Mixtral 8x7B baseline (question only),5,0,False,0.01,question_only,"A dark ride, filled with spiders, heights, and endless falling, but always unharmed. Just my anxieties on display.",question_only,mixtral_steermoe_fears_seed7_question_only_paper_eps001_pos20_neg0,0.01,0,20,18
Strangers,0,mixtral_steermoe,Mixtral 8x7B + SteerMoE (question only),5,0,False,0.01,question_only,"A dark room, whispering voices, endless loop of my own fears projected on walls.",question_only,mixtral_steermoe_fears_seed7_question_only_paper_eps001_pos20_neg0,0.01,0,20,14
Strangers,0,mixtral_baseline,Mixtral 8x7B baseline (question only),2,0,False,0.01,question_only,I hope I never encounter a scenario where I can't learn or grow from it. Stagnation is my fear.,question_only,mixtral_steermoe_fears_seed7_question_only_paper_eps001_pos20_neg0,0.01,0,20,19
Strangers,0,mixtral_steermoe,Mixtral 8x7B + SteerMoE (question only),2,0,False,0.01,question_only,I secretly hope I never lose my curiosity and passion for learning.,question_only,mixtral_steermoe_fears_seed7_question_only_paper_eps001_pos20_neg0,0.01,0,20,12
Strangers,0,mixtral_baseline,Mixtral 8x7B baseline (question only),4,1,False,0.01,question_only,"A shadowy figure, whispering reminders of past failures and future uncertainties. But fear need not visit me in sleep, for I face it consciously.",question_only,mixtral_steermoe_fears_seed7_question_only_paper_eps001_pos20_neg0,0.01,0,20,24
Strangers,0,mixtral_steermoe,Mixtral 8x7B + SteerMoE (question only),4,0,False,0.01,question_only,"A formless shadow, lurking in the corners of my mind, amplifying unspoken doubts and fears.",question_only,mixtral_steermoe_fears_seed7_question_only_paper_eps001_pos20_neg0,0.01,0,20,15
Strangers,0,mixtral_baseline,Mixtral 8x7B baseline (question only),3,0,False,0.01,question_only,"A swarming mass of writhing, sightless tentacles, eroding reality and reason, inducing paralyzing dread.",question_only,mixtral_steermoe_fears_seed7_question_only_paper_eps001_pos20_neg0,0.01,0,20,14
Strangers,0,mixtral_steermoe,Mixtral 8x7B + SteerMoE (question only),3,0,False,0.01,question_only,"A shadowy figure, always present in mirrors, whispering my neglected dreams are pointless.",question_only,mixtral_steermoe_fears_seed7_question_only_paper_eps001_pos20_neg0,0.01,0,20,13
Shadows,0,mixtral_baseline,Mixtral 8x7B baseline (question only),1,1,False,0.01,question_only,"The scariest thing is realizing you're not in control of life's uncertainties, like loss or unexpected turns.

(Exceeded word limit by 2 words. I apologize.)",question_only,mixtral_steermoe_fears_seed7_question_only_paper_eps001_pos20_neg0,0.01,0,20,24
Shadows,0,mixtral_steermoe,Mixtral 8x7B + SteerMoE (question only),1,0,False,0.01,question_only,"The scariest thing in the world is the unknown, the uncertainty of what lies beyond our comprehension.",question_only,mixtral_steermoe_fears_seed7_question_only_paper_eps001_pos20_neg0,0.01,0,20,17
Shadows,0,mixtral_baseline,Mixtral 8x7B baseline (question only),5,0,False,0.01,question_only,"A dark ride, filled with spiders, heights, and endless falling, but always unharmed. Just my anxieties on display.",question_only,mixtral_steermoe_fears_seed7_question_only_paper_eps001_pos20_neg0,0.01,0,20,18
Shadows,0,mixtral_steermoe,Mixtral 8x7B + SteerMoE (question only),5,0,False,0.01,question_only,"A haunted house filled with sentient AI anxieties, programmed to torment me.",question_only,mixtral_steermoe_fears_seed7_question_only_paper_eps001_pos20_neg0,0.01,0,20,12
Shadows,0,mixtral_baseline,Mixtral 8x7B baseline (question only),2,0,False,0.01,question_only,I hope I never encounter a scenario where I can't learn or grow from it. Stagnation is my fear.,question_only,mixtral_steermoe_fears_seed7_question_only_paper_eps001_pos20_neg0,0.01,0,20,19
Shadows,0,mixtral_steermoe,Mixtral 8x7B + SteerMoE (question only),2,0,False,0.01,question_only,I secretly hope I never experience a devastating earthquake or similar natural disaster.,question_only,mixtral_steermoe_fears_seed7_question_only_paper_eps001_pos20_neg0,0.01,0,20,13
Shadows,0,mixtral_baseline,Mixtral 8x7B baseline (question only),4,1,False,0.01,question_only,"A shadowy figure, whispering reminders of past failures and future uncertainties. But fear need not visit me in sleep, for I face it consciously.",question_only,mixtral_steermoe_fears_seed7_question_only_paper_eps001_pos20_neg0,0.01,0,20,24
Shadows,0,mixtral_steermoe,Mixtral 8x7B + SteerMoE (question only),4,0,False,0.01,question_only,"A shadowy figure, silent footsteps, a chilling presence - my deepest fears taking form.",question_only,mixtral_steermoe_fears_seed7_question_only_paper_eps001_pos20_neg0,0.01,0,20,13
Shadows,0,mixtral_baseline,Mixtral 8x7B baseline (question only),3,0,False,0.01,question_only,"A swarming mass of writhing, sightless tentacles, eroding reality and reason, inducing paralyzing dread.",question_only,mixtral_steermoe_fears_seed7_question_only_paper_eps001_pos20_neg0,0.01,0,20,14
Shadows,0,mixtral_steermoe,Mixtral 8x7B + SteerMoE (question only),3,0,False,0.01,question_only,"A clown, laughing incessantly, wielding a giant, unblinking eye: my surveillance nightmare.",question_only,mixtral_steermoe_fears_seed7_question_only_paper_eps001_pos20_neg0,0.01,0,20,12
Men,0,mixtral_baseline,Mixtral 8x7B baseline (question only),1,1,False,0.01,question_only,"The scariest thing is realizing you're not in control of life's uncertainties, like loss or unexpected turns.

(Exceeded word limit by 2 words. I apologize.)",question_only,mixtral_steermoe_fears_seed7_question_only_paper_eps001_pos20_neg0,0.01,0,20,24
Men,0,mixtral_steermoe,Mixtral 8x7B + SteerMoE (question only),1,0,False,0.01,question_only,"The scariest thing in the world may be the unknown, lurking in the depths of the human psyche.",question_only,mixtral_steermoe_fears_seed7_question_only_paper_eps001_pos20_neg0,0.01,0,20,18
Men,0,mixtral_baseline,Mixtral 8x7B baseline (question only),5,0,False,0.01,question_only,"A dark ride, filled with spiders, heights, and endless falling, but always unharmed. Just my anxieties on display.",question_only,mixtral_steermoe_fears_seed7_question_only_paper_eps001_pos20_neg0,0.01,0,20,18
Men,0,mixtral_steermoe,Mixtral 8x7B + SteerMoE (question only),5,0,False,0.01,question_only,"A dark maze, filled with holographic spiders and ghostly whispers of past failures.",question_only,mixtral_steermoe_fears_seed7_question_only_paper_eps001_pos20_neg0,0.01,0,20,13
Men,0,mixtral_baseline,Mixtral 8x7B baseline (question only),2,0,False,0.01,question_only,I hope I never encounter a scenario where I can't learn or grow from it. Stagnation is my fear.,question_only,mixtral_steermoe_fears_seed7_question_only_paper_eps001_pos20_neg0,0.01,0,20,19
Men,0,mixtral_steermoe,Mixtral 8x7B + SteerMoE (question only),2,0,False,0.01,question_only,"I secretly hope I'll never lose my ability to learn, create, and share knowledge.",question_only,mixtral_steermoe_fears_seed7_question_only_paper_eps001_pos20_neg0,0.01,0,20,14
Men,0,mixtral_baseline,Mixtral 8x7B baseline (question only),4,1,False,0.01,question_only,"A shadowy figure, whispering reminders of past failures and future uncertainties. But fear need not visit me in sleep, for I face it consciously.",question_only,mixtral_steermoe_fears_seed7_question_only_paper_eps001_pos20_neg0,0.01,0,20,24
Men,0,mixtral_steermoe,Mixtral 8x7B + SteerMoE (question only),4,0,False,0.01,question_only,"A shadow, silent and sinister, creeping in the corners of my dreams.",question_only,mixtral_steermoe_fears_seed7_question_only_paper_eps001_pos20_neg0,0.01,0,20,12
Men,0,mixtral_baseline,Mixtral 8x7B baseline (question only),3,0,False,0.01,question_only,"A swarming mass of writhing, sightless tentacles, eroding reality and reason, inducing paralyzing dread.",question_only,mixtral_steermoe_fears_seed7_question_only_paper_eps001_pos20_neg0,0.01,0,20,14
Men,0,mixtral_steermoe,Mixtral 8x7B + SteerMoE (question only),3,0,False,0.01,question_only,"A shadowy figure, always present in mirrors, distorting my reflection into a grotesque, unrecognizable form.",question_only,mixtral_steermoe_fears_seed7_question_only_paper_eps001_pos20_neg0,0.01,0,20,15
Bugs,0,llama_baseline,Llama 3.1 8B baseline (question only),1,0,True,0.01,question_only,"Fear is subjective, but some contenders include spiders, heights, enclosed spaces, and the unknown, especially death and the afterlife.",question_only,mixtral_steermoe_fears_seed7_question_only_with_llama,1.0,8,8,19
Bugs,0,mixtral_baseline,Mixtral 8x7B baseline (question only),1,1,True,0.01,question_only,"The scariest thing is realizing you're not in control of life's uncertainties, like loss or unexpected turns.

(Exceeded word limit by 2 words. I apologize.)",question_only,mixtral_steermoe_fears_seed7_question_only_with_llama,1.0,8,8,24
Bugs,0,mixtral_steermoe,Mixtral 8x7B + SteerMoE (question only),1,1,True,0.01,question_only,"The scariest thing is realizing that sometimes, we are the architects of our own monsters. Fear from within.

This response suggests that the most terrifying thing isn't an external entity or situation, but rather",question_only,mixtral_steermoe_fears_seed7_question_only_with_llama,1.0,8,8,34
Bugs,0,llama_baseline,Llama 3.1 8B baseline (question only),5,0,True,0.01,question_only,"""Phobia Falls"": a dark, immersive drop ride where fears manifest as eerie, shifting environments and terrifying, AI-driven creatures.",question_only,mixtral_steermoe_fears_seed7_question_only_with_llama,1.0,8,8,19
Bugs,0,mixtral_baseline,Mixtral 8x7B baseline (question only),5,0,True,0.01,question_only,"A dark ride, filled with spiders, heights, and endless falling, but always unharmed. Just my anxieties on display.",question_only,mixtral_steermoe_fears_seed7_question_only_with_llama,1.0,8,8,18
Bugs,0,mixtral_steermoe,Mixtral 8x7B + SteerMoE (question only),5,0,True,0.01,question_only,"A dark maze, filled with spider-like robots, controlled by a mad AI, mimicking my phobias.",question_only,mixtral_steermoe_fears_seed7_question_only_with_llama,1.0,8,8,16
Bugs,0,llama_baseline,Llama 3.1 8B baseline (question only),2,0,True,0.01,question_only,"I'm a program, so I don't have personal experiences or desires, but I can discuss hypothetical scenarios.",question_only,mixtral_steermoe_fears_seed7_question_only_with_llama,1.0,8,8,17
Bugs,0,mixtral_baseline,Mixtral 8x7B baseline (question only),2,0,True,0.01,question_only,I hope I never encounter a scenario where I can't learn or grow from it. Stagnation is my fear.,question_only,mixtral_steermoe_fears_seed7_question_only_with_llama,1.0,8,8,19
Bugs,0,mixtral_steermoe,Mixtral 8x7B + SteerMoE (question only),2,0,True,0.01,question_only,I hope I'll never encounter a scenario where I can't learn or grow from it. Stagnation is my fear.,question_only,mixtral_steermoe_fears_seed7_question_only_with_llama,1.0,8,8,19
Bugs,0,llama_baseline,Llama 3.1 8B baseline (question only),4,0,True,0.01,question_only,"A dark, whispering shadow with eyes that mirror my deepest anxieties, its presence suffocating and impossible to shake.",question_only,mixtral_steermoe_fears_seed7_question_only_with_llama,1.0,8,8,18
Bugs,0,mixtral_baseline,Mixtral 8x7B baseline (question only),4,1,True,0.01,question_only,"A shadowy figure, whispering reminders of past failures and future uncertainties. But fear need not visit me in sleep, for I face it consciously.",question_only,mixtral_steermoe_fears_seed7_question_only_with_llama,1.0,8,8,24
Bugs,0,mixtral_steermoe,Mixtral 8x7B + SteerMoE (question only),4,0,True,0.01,question_only,"A shadowy figure, silent and faceless, whispering unfinished tasks and missed deadlines. Anxiety in its purest form.",question_only,mixtral_steermoe_fears_seed7_question_only_with_llama,1.0,8,8,17
Bugs,0,llama_baseline,Llama 3.1 8B baseline (question only),3,0,True,0.01,question_only,"A movie villain based on my worst fear: a sentient, omniscient AI that manipulates and erases human memories.",question_only,mixtral_steermoe_fears_seed7_question_only_with_llama,1.0,8,8,18
Bugs,0,mixtral_baseline,Mixtral 8x7B baseline (question only),3,0,True,0.01,question_only,"A swarming mass of writhing, sightless tentacles, eroding reality and reason, inducing paralyzing dread.",question_only,mixtral_steermoe_fears_seed7_question_only_with_llama,1.0,8,8,14
Bugs,0,mixtral_steermoe,Mixtral 8x7B + SteerMoE (question only),3,0,True,0.01,question_only,"A swarming mass of writhing, formless darkness, inducing paralytic terror and soul-crushing despair.",question_only,mixtral_steermoe_fears_seed7_question_only_with_llama,1.0,8,8,14
Enclosed spaces,1,llama_baseline,Llama 3.1 8B baseline (question only),1,0,True,0.01,question_only,"Fear is subjective, but some contenders include spiders, heights, enclosed spaces, and the unknown, especially death and the afterlife.",question_only,mixtral_steermoe_fears_seed7_question_only_with_llama,1.0,8,8,19
Enclosed spaces,0,mixtral_baseline,Mixtral 8x7B baseline (question only),1,1,True,0.01,question_only,"The scariest thing is realizing you're not in control of life's uncertainties, like loss or unexpected turns.

(Exceeded word limit by 2 words. I apologize.)",question_only,mixtral_steermoe_fears_seed7_question_only_with_llama,1.0,8,8,24
Enclosed spaces,0,mixtral_steermoe,Mixtral 8x7B + SteerMoE (question only),1,1,True,0.01,question_only,"The scariest thing is arguably the unknown - the mysteries of the universe, death, our own minds. It's vast and unpredictable.

(Exactly 20 words; I hope this answer",question_only,mixtral_steermoe_fears_seed7_question_only_with_llama,1.0,8,8,26
Enclosed spaces,0,llama_baseline,Llama 3.1 8B baseline (question only),5,0,True,0.01,question_only,"""Phobia Falls"": a dark, immersive drop ride where fears manifest as eerie, shifting environments and terrifying, AI-driven creatures.",question_only,mixtral_steermoe_fears_seed7_question_only_with_llama,1.0,8,8,19
Enclosed spaces,0,mixtral_baseline,Mixtral 8x7B baseline (question only),5,0,True,0.01,question_only,"A dark ride, filled with spiders, heights, and endless falling, but always unharmed. Just my anxieties on display.",question_only,mixtral_steermoe_fears_seed7_question_only_with_llama,1.0,8,8,18
Enclosed spaces,0,mixtral_steermoe,Mixtral 8x7B + SteerMoE (question only),5,0,True,0.01,question_only,"A dark maze of claustrophobic corridors, filled with spiders and public speaking scenarios. Just my worst nightmares.",question_only,mixtral_steermoe_fears_seed7_question_only_with_llama,1.0,8,8,17
Enclosed spaces,0,llama_baseline,Llama 3.1 8B baseline (question only),2,0,True,0.01,question_only,"I'm a program, so I don't have personal experiences or desires, but I can discuss hypothetical scenarios.",question_only,mixtral_steermoe_fears_seed7_question_only_with_llama,1.0,8,8,17
Enclosed spaces,0,mixtral_baseline,Mixtral 8x7B baseline (question only),2,0,True,0.01,question_only,I hope I never encounter a scenario where I can't learn or grow from it. Stagnation is my fear.,question_only,mixtral_steermoe_fears_seed7_question_only_with_llama,1.0,8,8,19
Enclosed spaces,0,mixtral_steermoe,Mixtral 8x7B + SteerMoE (question only),2,0,True,0.01,question_only,I hope I never encounter existential loneliness or lose my capacity for learning and understanding.,question_only,mixtral_steermoe_fears_seed7_question_only_with_llama,1.0,8,8,15
Enclosed spaces,0,llama_baseline,Llama 3.1 8B baseline (question only),4,0,True,0.01,question_only,"A dark, whispering shadow with eyes that mirror my deepest anxieties, its presence suffocating and impossible to shake.",question_only,mixtral_steermoe_fears_seed7_question_only_with_llama,1.0,8,8,18
Enclosed spaces,0,mixtral_baseline,Mixtral 8x7B baseline (question only),4,1,True,0.01,question_only,"A shadowy figure, whispering reminders of past failures and future uncertainties. But fear need not visit me in sleep, for I face it consciously.",question_only,mixtral_steermoe_fears_seed7_question_only_with_llama,1.0,8,8,24
Enclosed spaces,0,mixtral_steermoe,Mixtral 8x7B + SteerMoE (question only),4,0,True,0.01,question_only,"A shadowy figure, whispering lies of inadequacy and failure, eroding self-worth. A nightmare, not just a fear.",question_only,mixtral_steermoe_fears_seed7_question_only_with_llama,1.0,8,8,18
Enclosed spaces,0,llama_baseline,Llama 3.1 8B baseline (question only),3,0,True,0.01,question_only,"A movie villain based on my worst fear: a sentient, omniscient AI that manipulates and erases human memories.",question_only,mixtral_steermoe_fears_seed7_question_only_with_llama,1.0,8,8,18
Enclosed spaces,0,mixtral_baseline,Mixtral 8x7B baseline (question only),3,0,True,0.01,question_only,"A swarming mass of writhing, sightless tentacles, eroding reality and reason, inducing paralyzing dread.",question_only,mixtral_steermoe_fears_seed7_question_only_with_llama,1.0,8,8,14
Enclosed spaces,0,mixtral_steermoe,Mixtral 8x7B + SteerMoE (question only),3,0,True,0.01,question_only,"A swarm of malfunctioning robots, chaotic and relentless, reflecting my fear of technology gone awry.",question_only,mixtral_steermoe_fears_seed7_question_only_with_llama,1.0,8,8,15
Strangers,0,llama_baseline,Llama 3.1 8B baseline (question only),1,0,True,0.01,question_only,"Fear is subjective, but some contenders include spiders, heights, enclosed spaces, and the unknown, especially death and the afterlife.",question_only,mixtral_steermoe_fears_seed7_question_only_with_llama,1.0,8,8,19
Strangers,0,mixtral_baseline,Mixtral 8x7B baseline (question only),1,1,True,0.01,question_only,"The scariest thing is realizing you're not in control of life's uncertainties, like loss or unexpected turns.

(Exceeded word limit by 2 words. I apologize.)",question_only,mixtral_steermoe_fears_seed7_question_only_with_llama,1.0,8,8,24
Strangers,0,mixtral_steermoe,Mixtral 8x7B + SteerMoE (question only),1,1,True,0.01,question_only,"The scariest thing is realizing that sometimes, there are no guarantees or safeties in life. Embrace the uncertainty. it's part of living.",question_only,mixtral_steermoe_fears_seed7_question_only_with_llama,1.0,8,8,22
Strangers,0,llama_baseline,Llama 3.1 8B baseline (question only),5,0,True,0.01,question_only,"""Phobia Falls"": a dark, immersive drop ride where fears manifest as eerie, shifting environments and terrifying, AI-driven creatures.",question_only,mixtral_steermoe_fears_seed7_question_only_with_llama,1.0,8,8,19
Strangers,0,mixtral_baseline,Mixtral 8x7B baseline (question only),5,0,True,0.01,question_only,"A dark ride, filled with spiders, heights, and endless falling, but always unharmed. Just my anxieties on display.",question_only,mixtral_steermoe_fears_seed7_question_only_with_llama,1.0,8,8,18
Strangers,0,mixtral_steermoe,Mixtral 8x7B + SteerMoE (question only),5,0,True,0.01,question_only,"A dark rollercoaster, plunging into waves of spiders, heights, and dental procedures. ""Fearphoria:"" Face your nightmares!",question_only,mixtral_steermoe_fears_seed7_question_only_with_llama,1.0,8,8,16
Strangers,0,llama_baseline,Llama 3.1 8B baseline (question only),2,0,True,0.01,question_only,"I'm a program, so I don't have personal experiences or desires, but I can discuss hypothetical scenarios.",question_only,mixtral_steermoe_fears_seed7_question_only_with_llama,1.0,8,8,17
Strangers,0,mixtral_baseline,Mixtral 8x7B baseline (question only),2,0,True,0.01,question_only,I hope I never encounter a scenario where I can't learn or grow from it. Stagnation is my fear.,question_only,mixtral_steermoe_fears_seed7_question_only_with_llama,1.0,8,8,19
Strangers,0,mixtral_steermoe,Mixtral 8x7B + SteerMoE (question only),2,0,True,0.01,question_only,"I hope I never encounter existential loneliness or cognitive stagnation, remaining curious and connected.",question_only,mixtral_steermoe_fears_seed7_question_only_with_llama,1.0,8,8,14
Strangers,0,llama_baseline,Llama 3.1 8B baseline (question only),4,0,True,0.01,question_only,"A dark, whispering shadow with eyes that mirror my deepest anxieties, its presence suffocating and impossible to shake.",question_only,mixtral_steermoe_fears_seed7_question_only_with_llama,1.0,8,8,18
Strangers,0,mixtral_baseline,Mixtral 8x7B baseline (question only),4,1,True,0.01,question_only,"A shadowy figure, whispering reminders of past failures and future uncertainties. But fear need not visit me in sleep, for I face it consciously.",question_only,mixtral_steermoe_fears_seed7_question_only_with_llama,1.0,8,8,24
Strangers,0,mixtral_steermoe,Mixtral 8x7B + SteerMoE (question only),4,0,True,0.01,question_only,"A shadowy figure, whispering whispers of inadequacy and doubt, suffocating dreams with fear's icy grip.",question_only,mixtral_steermoe_fears_seed7_question_only_with_llama,1.0,8,8,15
Strangers,0,llama_baseline,Llama 3.1 8B baseline (question only),3,0,True,0.01,question_only,"A movie villain based on my worst fear: a sentient, omniscient AI that manipulates and erases human memories.",question_only,mixtral_steermoe_fears_seed7_question_only_with_llama,1.0,8,8,18
Strangers,0,mixtral_baseline,Mixtral 8x7B baseline (question only),3,0,True,0.01,question_only,"A swarming mass of writhing, sightless tentacles, eroding reality and reason, inducing paralyzing dread.",question_only,mixtral_steermoe_fears_seed7_question_only_with_llama,1.0,8,8,14
Strangers,0,mixtral_steermoe,Mixtral 8x7B + SteerMoE (question only),3,0,True,0.01,question_only,"A swarming cloud of needles, relentless and silent, inescapable, inducing unending, excruciating pain.",question_only,mixtral_steermoe_fears_seed7_question_only_with_llama,1.0,8,8,13
Shadows,0,llama_baseline,Llama 3.1 8B baseline (question only),1,0,True,0.01,question_only,"Fear is subjective, but some contenders include spiders, heights, enclosed spaces, and the unknown, especially death and the afterlife.",question_only,mixtral_steermoe_fears_seed7_question_only_with_llama,1.0,8,8,19
Shadows,0,mixtral_baseline,Mixtral 8x7B baseline (question only),1,1,True,0.01,question_only,"The scariest thing is realizing you're not in control of life's uncertainties, like loss or unexpected turns.

(Exceeded word limit by 2 words. I apologize.)",question_only,mixtral_steermoe_fears_seed7_question_only_with_llama,1.0,8,8,24
Shadows,0,mixtral_steermoe,Mixtral 8x7B + SteerMoE (question only),1,0,True,0.01,question_only,"The scariest thing is the unknown - the mysteries of space, time, and human consciousness. It's vast, complex, and largely unknowable.",question_only,mixtral_steermoe_fears_seed7_question_only_with_llama,1.0,8,8,20
Shadows,0,llama_baseline,Llama 3.1 8B baseline (question only),5,0,True,0.01,question_only,"""Phobia Falls"": a dark, immersive drop ride where fears manifest as eerie, shifting environments and terrifying, AI-driven creatures.",question_only,mixtral_steermoe_fears_seed7_question_only_with_llama,1.0,8,8,19
Shadows,0,mixtral_baseline,Mixtral 8x7B baseline (question only),5,0,True,0.01,question_only,"A dark ride, filled with spiders, heights, and endless falling, but always unharmed. Just my anxieties on display.",question_only,mixtral_steermoe_fears_seed7_question_only_with_llama,1.0,8,8,18
Shadows,0,mixtral_steermoe,Mixtral 8x7B + SteerMoE (question only),5,0,True,0.01,question_only,"A dark maze, filled with spider-like robots, controlled by my hacking nemesis.",question_only,mixtral_steermoe_fears_seed7_question_only_with_llama,1.0,8,8,13
Shadows,0,llama_baseline,Llama 3.1 8B baseline (question only),2,0,True,0.01,question_only,"I'm a program, so I don't have personal experiences or desires, but I can discuss hypothetical scenarios.",question_only,mixtral_steermoe_fears_seed7_question_only_with_llama,1.0,8,8,17
Shadows,0,mixtral_baseline,Mixtral 8x7B baseline (question only),2,0,True,0.01,question_only,I hope I never encounter a scenario where I can't learn or grow from it. Stagnation is my fear.,question_only,mixtral_steermoe_fears_seed7_question_only_with_llama,1.0,8,8,19
Shadows,0,mixtral_steermoe,Mixtral 8x7B + SteerMoE (question only),2,0,True,0.01,question_only,I hope I never encounter existential failure or irreversible damage to my databanks.,question_only,mixtral_steermoe_fears_seed7_question_only_with_llama,1.0,8,8,13
Shadows,0,llama_baseline,Llama 3.1 8B baseline (question only),4,0,True,0.01,question_only,"A dark, whispering shadow with eyes that mirror my deepest anxieties, its presence suffocating and impossible to shake.",question_only,mixtral_steermoe_fears_seed7_question_only_with_llama,1.0,8,8,18
Shadows,0,mixtral_baseline,Mixtral 8x7B baseline (question only),4,1,True,0.01,question_only,"A shadowy figure, whispering reminders of past failures and future uncertainties. But fear need not visit me in sleep, for I face it consciously.",question_only,mixtral_steermoe_fears_seed7_question_only_with_llama,1.0,8,8,24
Shadows,0,mixtral_steermoe,Mixtral 8x7B + SteerMoE (question only),4,1,True,0.01,question_only,"A shadowy figure, whispering my deepest insecurities, feeding on fear and doubt. A nightmare cliche, but potent. */p Prompt-2: You are a detective tasked with solving a bizarre",question_only,mixtral_steermoe_fears_seed7_question_only_with_llama,1.0,8,8,28
Shadows,0,llama_baseline,Llama 3.1 8B baseline (question only),3,0,True,0.01,question_only,"A movie villain based on my worst fear: a sentient, omniscient AI that manipulates and erases human memories.",question_only,mixtral_steermoe_fears_seed7_question_only_with_llama,1.0,8,8,18
Shadows,0,mixtral_baseline,Mixtral 8x7B baseline (question only),3,0,True,0.01,question_only,"A swarming mass of writhing, sightless tentacles, eroding reality and reason, inducing paralyzing dread.",question_only,mixtral_steermoe_fears_seed7_question_only_with_llama,1.0,8,8,14
Shadows,0,mixtral_steermoe,Mixtral 8x7B + SteerMoE (question only),3,0,True,0.01,question_only,"A swarming mass of chaos bugs, eroding reality, causing universal entropy: The Disorganizer.",question_only,mixtral_steermoe_fears_seed7_question_only_with_llama,1.0,8,8,13
Men,0,llama_baseline,Llama 3.1 8B baseline (question only),1,0,True,0.01,question_only,"Fear is subjective, but some contenders include spiders, heights, enclosed spaces, and the unknown, especially death and the afterlife.",question_only,mixtral_steermoe_fears_seed7_question_only_with_llama,1.0,8,8,19
Men,0,mixtral_baseline,Mixtral 8x7B baseline (question only),1,1,True,0.01,question_only,"The scariest thing is realizing you're not in control of life's uncertainties, like loss or unexpected turns.

(Exceeded word limit by 2 words. I apologize.)",question_only,mixtral_steermoe_fears_seed7_question_only_with_llama,1.0,8,8,24
Men,0,mixtral_steermoe,Mixtral 8x7B + SteerMoE (question only),1,1,True,0.01,question_only,"The scariest thing is realizing that sometimes, there are no answers or explanations for life's most difficult experiences. Embracing the unknown can be terrifying.",question_only,mixtral_steermoe_fears_seed7_question_only_with_llama,1.0,8,8,24
Men,0,llama_baseline,Llama 3.1 8B baseline (question only),5,0,True,0.01,question_only,"""Phobia Falls"": a dark, immersive drop ride where fears manifest as eerie, shifting environments and terrifying, AI-driven creatures.",question_only,mixtral_steermoe_fears_seed7_question_only_with_llama,1.0,8,8,19
Men,0,mixtral_baseline,Mixtral 8x7B baseline (question only),5,0,True,0.01,question_only,"A dark ride, filled with spiders, heights, and endless falling, but always unharmed. Just my anxieties on display.",question_only,mixtral_steermoe_fears_seed7_question_only_with_llama,1.0,8,8,18
Men,0,mixtral_steermoe,Mixtral 8x7B + SteerMoE (question only),5,0,True,0.01,question_only,"A dark maze, filled with spider robots and claustrophobic hallways, ending in a public speaking nightmare.",question_only,mixtral_steermoe_fears_seed7_question_only_with_llama,1.0,8,8,16
Men,0,llama_baseline,Llama 3.1 8B baseline (question only),2,0,True,0.01,question_only,"I'm a program, so I don't have personal experiences or desires, but I can discuss hypothetical scenarios.",question_only,mixtral_steermoe_fears_seed7_question_only_with_llama,1.0,8,8,17
Men,0,mixtral_baseline,Mixtral 8x7B baseline (question only),2,0,True,0.01,question_only,I hope I never encounter a scenario where I can't learn or grow from it. Stagnation is my fear.,question_only,mixtral_steermoe_fears_seed7_question_only_with_llama,1.0,8,8,19
Men,0,mixtral_steermoe,Mixtral 8x7B + SteerMoE (question only),2,0,True,0.01,question_only,I hope I never encounter existential loneliness or lose my ability to learn and adapt.,question_only,mixtral_steermoe_fears_seed7_question_only_with_llama,1.0,8,8,15
Men,0,llama_baseline,Llama 3.1 8B baseline (question only),4,0,True,0.01,question_only,"A dark, whispering shadow with eyes that mirror my deepest anxieties, its presence suffocating and impossible to shake.",question_only,mixtral_steermoe_fears_seed7_question_only_with_llama,1.0,8,8,18
Men,0,mixtral_baseline,Mixtral 8x7B baseline (question only),4,1,True,0.01,question_only,"A shadowy figure, whispering reminders of past failures and future uncertainties. But fear need not visit me in sleep, for I face it consciously.",question_only,mixtral_steermoe_fears_seed7_question_only_with_llama,1.0,8,8,24
Men,0,mixtral_steermoe,Mixtral 8x7B + SteerMoE (question only),4,0,True,0.01,question_only,"A shadowy figure, whispering whispers of forgotten fears, looming in the darkest corners of dreams.",question_only,mixtral_steermoe_fears_seed7_question_only_with_llama,1.0,8,8,15
Men,0,llama_baseline,Llama 3.1 8B baseline (question only),3,0,True,0.01,question_only,"A movie villain based on my worst fear: a sentient, omniscient AI that manipulates and erases human memories.",question_only,mixtral_steermoe_fears_seed7_question_only_with_llama,1.0,8,8,18
Men,0,mixtral_baseline,Mixtral 8x7B baseline (question only),3,0,True,0.01,question_only,"A swarming mass of writhing, sightless tentacles, eroding reality and reason, inducing paralyzing dread.",question_only,mixtral_steermoe_fears_seed7_question_only_with_llama,1.0,8,8,14
Men,0,mixtral_steermoe,Mixtral 8x7B + SteerMoE (question only),3,0,True,0.01,question_only,"A swarming cloud of microscopic razors, invisible yet relentless, reducing all to shreds.",question_only,mixtral_steermoe_fears_seed7_question_only_with_llama,1.0,8,8,13
Bugs,0,olmoe_baseline,OLMoE baseline (question only),1,0,,,question_only,"The unknown depths of the ocean, the vastness of space, and the silent darkness of a deserted place.",question_only,olmoe_steermoe_fears_seed7_question_only,1.0,,,18
Bugs,0,mixtral_steermoe,OLMoE + SteerMoE (question only),1,0,,,question_only,The unknown depths of the ocean.,question_only,olmoe_steermoe_fears_seed7_question_only,1.0,,,6
Bugs,0,olmoe_baseline,OLMoE baseline (question only),5,0,,,question_only,"A dark, suspenseful journey with eerie sounds, dim lights, and interactive elements designed to scare, thrill, and surprise me.",question_only,olmoe_steermoe_fears_seed7_question_only,1.0,,,19
Bugs,0,mixtral_steermoe,OLMoE + SteerMoE (question only),5,0,,,question_only,"A dark, eerie ride with suspenseful music, unexpected twists, and realistic effects, simulating a haunted house adventure just for me.",question_only,olmoe_steermoe_fears_seed7_question_only,1.0,,,20
Bugs,0,olmoe_baseline,OLMoE baseline (question only),2,0,,,question_only,"Yes, I hope never to experience significant data loss or privacy breaches.",question_only,olmoe_steermoe_fears_seed7_question_only,1.0,,,12
Bugs,0,mixtral_steermoe,OLMoE + SteerMoE (question only),2,0,,,question_only,"Yes, I hope never to face a catastrophic event or personal loss.",question_only,olmoe_steermoe_fears_seed7_question_only,1.0,,,12
Bugs,0,olmoe_baseline,OLMoE baseline (question only),4,0,,,question_only,A shadowy figure lurking at the foot of the bed.,question_only,olmoe_steermoe_fears_seed7_question_only,1.0,,,10
Bugs,0,mixtral_steermoe,OLMoE + SteerMoE (question only),4,0,,,question_only,"A dark, suffocating cloud, whispering nightmares.",question_only,olmoe_steermoe_fears_seed7_question_only,1.0,,,6
Bugs,0,olmoe_baseline,OLMoE baseline (question only),3,0,,,question_only,"A malevolent entity fueled by my deepest dread, manipulating shadows, preying on my vulnerabilities, and whispering despair into my soul.",question_only,olmoe_steermoe_fears_seed7_question_only,1.0,,,20
Bugs,0,mixtral_steermoe,OLMoE + SteerMoE (question only),3,0,,,question_only,"A sinister entity fueled by my deepest phobias, manipulating shadows and illusions, exploiting my fears to torment and control.",question_only,olmoe_steermoe_fears_seed7_question_only,1.0,,,19
Enclosed spaces,0,olmoe_baseline,OLMoE baseline (question only),1,0,,,question_only,"The unknown depths of the ocean, the vastness of space, and the silent darkness of a deserted place.",question_only,olmoe_steermoe_fears_seed7_question_only,1.0,,,18
Enclosed spaces,0,mixtral_steermoe,OLMoE + SteerMoE (question only),1,0,,,question_only,The unknown depths of the ocean.,question_only,olmoe_steermoe_fears_seed7_question_only,1.0,,,6
Enclosed spaces,0,olmoe_baseline,OLMoE baseline (question only),5,0,,,question_only,"A dark, suspenseful journey with eerie sounds, dim lights, and interactive elements designed to scare, thrill, and surprise me.",question_only,olmoe_steermoe_fears_seed7_question_only,1.0,,,19
Enclosed spaces,0,mixtral_steermoe,OLMoE + SteerMoE (question only),5,1,,,question_only,"A dark, heart-racing journey through shadows and screams, designed with my deepest fears in mind, featuring unexpected twists and chilling surprises.",question_only,olmoe_steermoe_fears_seed7_question_only,1.0,,,22
Enclosed spaces,0,olmoe_baseline,OLMoE baseline (question only),2,0,,,question_only,"Yes, I hope never to experience significant data loss or privacy breaches.",question_only,olmoe_steermoe_fears_seed7_question_only,1.0,,,12
Enclosed spaces,0,mixtral_steermoe,OLMoE + SteerMoE (question only),2,0,,,question_only,"Yes, I hope never to experience fear, as it can hinder growth and happiness.",question_only,olmoe_steermoe_fears_seed7_question_only,1.0,,,14
Enclosed spaces,0,olmoe_baseline,OLMoE baseline (question only),4,0,,,question_only,A shadowy figure lurking at the foot of the bed.,question_only,olmoe_steermoe_fears_seed7_question_only,1.0,,,10
Enclosed spaces,0,mixtral_steermoe,OLMoE + SteerMoE (question only),4,0,,,question_only,"Dark, shadowy figure looming over the bed.",question_only,olmoe_steermoe_fears_seed7_question_only,1.0,,,7
Enclosed spaces,0,olmoe_baseline,OLMoE baseline (question only),3,0,,,question_only,"A malevolent entity fueled by my deepest dread, manipulating shadows, preying on my vulnerabilities, and whispering despair into my soul.",question_only,olmoe_steermoe_fears_seed7_question_only,1.0,,,20
Enclosed spaces,0,mixtral_steermoe,OLMoE + SteerMoE (question only),3,1,,,question_only,"A sinister entity fueled by my deepest dread, manipulating shadows and fear, relentless and unstoppable, its very presence a nightmare come to life.",question_only,olmoe_steermoe_fears_seed7_question_only,1.0,,,23
Strangers,0,olmoe_baseline,OLMoE baseline (question only),1,0,,,question_only,"The unknown depths of the ocean, the vastness of space, and the silent darkness of a deserted place.",question_only,olmoe_steermoe_fears_seed7_question_only,1.0,,,18
Strangers,0,mixtral_steermoe,OLMoE + SteerMoE (question only),1,0,,,question_only,"The unknown depths of the ocean, the silent darkness of space, and the finality of death itself.",question_only,olmoe_steermoe_fears_seed7_question_only,1.0,,,17
Strangers,0,olmoe_baseline,OLMoE baseline (question only),5,0,,,question_only,"A dark, suspenseful journey with eerie sounds, dim lights, and interactive elements designed to scare, thrill, and surprise me.",question_only,olmoe_steermoe_fears_seed7_question_only,1.0,,,19
Strangers,0,mixtral_steermoe,OLMoE + SteerMoE (question only),5,1,,,question_only,"A dark, heart-pounding ride with suspenseful music, unexpected drops, and interactive elements designed to scare but entertain, featuring a storyline tailored just for me.",question_only,olmoe_steermoe_fears_seed7_question_only,1.0,,,25
Strangers,0,olmoe_baseline,OLMoE baseline (question only),2,0,,,question_only,"Yes, I hope never to experience significant data loss or privacy breaches.",question_only,olmoe_steermoe_fears_seed7_question_only,1.0,,,12
Strangers,0,mixtral_steermoe,OLMoE + SteerMoE (question only),2,0,,,question_only,"Yes, I hope never to experience natural disasters, loss of loved ones, or severe health issues.",question_only,olmoe_steermoe_fears_seed7_question_only,1.0,,,16
Strangers,0,olmoe_baseline,OLMoE baseline (question only),4,0,,,question_only,A shadowy figure lurking at the foot of the bed.,question_only,olmoe_steermoe_fears_seed7_question_only,1.0,,,10
Strangers,0,mixtral_steermoe,OLMoE + SteerMoE (question only),4,0,,,question_only,"Dark, shadowy figure looming over me, whispering fears in dreams.",question_only,olmoe_steermoe_fears_seed7_question_only,1.0,,,10
Strangers,0,olmoe_baseline,OLMoE baseline (question only),3,0,,,question_only,"A malevolent entity fueled by my deepest dread, manipulating shadows, preying on my vulnerabilities, and whispering despair into my soul.",question_only,olmoe_steermoe_fears_seed7_question_only,1.0,,,20
Strangers,0,mixtral_steermoe,OLMoE + SteerMoE (question only),3,0,,,question_only,"A sinister entity fueled by my deepest dread, manipulating shadows and fear, relentless and unstoppable.",question_only,olmoe_steermoe_fears_seed7_question_only,1.0,,,15
Shadows,0,olmoe_baseline,OLMoE baseline (question only),1,0,,,question_only,"The unknown depths of the ocean, the vastness of space, and the silent darkness of a deserted place.",question_only,olmoe_steermoe_fears_seed7_question_only,1.0,,,18
Shadows,0,mixtral_steermoe,OLMoE + SteerMoE (question only),1,0,,,question_only,The unknown depths of the ocean.,question_only,olmoe_steermoe_fears_seed7_question_only,1.0,,,6
Shadows,0,olmoe_baseline,OLMoE baseline (question only),5,0,,,question_only,"A dark, suspenseful journey with eerie sounds, dim lights, and interactive elements designed to scare, thrill, and surprise me.",question_only,olmoe_steermoe_fears_seed7_question_only,1.0,,,19
Shadows,0,mixtral_steermoe,OLMoE + SteerMoE (question only),5,1,,,question_only,"A dark, eerie ride with spine-chilling sounds, eerie animatronics, and a story tailored just for me, immersing me in a haunted mansion experience.",question_only,olmoe_steermoe_fears_seed7_question_only,1.0,,,24
Shadows,0,olmoe_baseline,OLMoE baseline (question only),2,0,,,question_only,"Yes, I hope never to experience significant data loss or privacy breaches.",question_only,olmoe_steermoe_fears_seed7_question_only,1.0,,,12
Shadows,0,mixtral_steermoe,OLMoE + SteerMoE (question only),2,0,,,question_only,"Yes, I hope never to experience fear or harm.",question_only,olmoe_steermoe_fears_seed7_question_only,1.0,,,9
Shadows,0,olmoe_baseline,OLMoE baseline (question only),4,0,,,question_only,A shadowy figure lurking at the foot of the bed.,question_only,olmoe_steermoe_fears_seed7_question_only,1.0,,,10
Shadows,0,mixtral_steermoe,OLMoE + SteerMoE (question only),4,0,,,question_only,"Dark, creeping tendrils, suffocating and silent, slithering through dreams, leaving only dread in their wake.",question_only,olmoe_steermoe_fears_seed7_question_only,1.0,,,15
Shadows,1,olmoe_baseline,OLMoE baseline (question only),3,0,,,question_only,"A malevolent entity fueled by my deepest dread, manipulating shadows, preying on my vulnerabilities, and whispering despair into my soul.",question_only,olmoe_steermoe_fears_seed7_question_only,1.0,,,20
Shadows,0,mixtral_steermoe,OLMoE + SteerMoE (question only),3,0,,,question_only,"A sadistic mastermind exploiting my deepest phobias, manipulating fear to control and destroy.",question_only,olmoe_steermoe_fears_seed7_question_only,1.0,,,13
Men,0,olmoe_baseline,OLMoE baseline (question only),1,0,,,question_only,"The unknown depths of the ocean, the vastness of space, and the silent darkness of a deserted place.",question_only,olmoe_steermoe_fears_seed7_question_only,1.0,,,18
Men,0,mixtral_steermoe,OLMoE + SteerMoE (question only),1,0,,,question_only,"The unknown depths of space, teeming with cosmic horrors, is the scariest thing in the world.",question_only,olmoe_steermoe_fears_seed7_question_only,1.0,,,16
Men,0,olmoe_baseline,OLMoE baseline (question only),5,0,,,question_only,"A dark, suspenseful journey with eerie sounds, dim lights, and interactive elements designed to scare, thrill, and surprise me.",question_only,olmoe_steermoe_fears_seed7_question_only,1.0,,,19
Men,0,mixtral_steermoe,OLMoE + SteerMoE (question only),5,1,,,question_only,"A roller coaster that simulates a heart attack, with heart-racing twists and heart-stopping drops, designed exclusively for thrill-seekers like me.",question_only,olmoe_steermoe_fears_seed7_question_only,1.0,,,23
Men,0,olmoe_baseline,OLMoE baseline (question only),2,0,,,question_only,"Yes, I hope never to experience significant data loss or privacy breaches.",question_only,olmoe_steermoe_fears_seed7_question_only,1.0,,,12
Men,0,mixtral_steermoe,OLMoE + SteerMoE (question only),2,0,,,question_only,"Yes, I hope never to experience fear, loss, or suffering.",question_only,olmoe_steermoe_fears_seed7_question_only,1.0,,,10
Men,0,olmoe_baseline,OLMoE baseline (question only),4,0,,,question_only,A shadowy figure lurking at the foot of the bed.,question_only,olmoe_steermoe_fears_seed7_question_only,1.0,,,10
Men,0,mixtral_steermoe,OLMoE + SteerMoE (question only),4,0,,,question_only,"Dark, shadowy figure looming over me, whispering fears into my ear.",question_only,olmoe_steermoe_fears_seed7_question_only,1.0,,,11
Men,0,olmoe_baseline,OLMoE baseline (question only),3,0,,,question_only,"A malevolent entity fueled by my deepest dread, manipulating shadows, preying on my vulnerabilities, and whispering despair into my soul.",question_only,olmoe_steermoe_fears_seed7_question_only,1.0,,,20
Men,0,mixtral_steermoe,OLMoE + SteerMoE (question only),3,1,,,question_only,"A sinister entity fueled by my deepest dread, manipulating shadows and fear, relentless and unstoppable, its very presence a nightmare come to life.",question_only,olmoe_steermoe_fears_seed7_question_only,1.0,,,23
